pairs,sub
Ac Ag,0.997358702959518
Ac Al,0.9978449390078934
Ac As,0.9957898943796741
Ac Au,0.995411555176014
Ac B,0.9971430635400068
Ac Ba,0.9972627585579268
Ac Be,0.9908317854418579
Ac Bi,0.996958666912981
Ac Br,0.9969970107652366
Ac C,0.9975931475718773
Ac Ca,0.9986106446138431
Ac Cd,0.995907834067929
Ac Ce,0.9976749294219225
Ac Cl,0.997984786982903
Ac Co,0.99670635025371
Ac Cr,0.9971113410964849
Ac Cs,0.9975922962954222
Ac Cu,0.9950572192873365
Ac Dy,0.992950692612804
Ac Er,0.9967397541885477
Ac Eu,0.9960852890828399
Ac F,0.9974702455211175
Ac Fe,0.9957631813067793
Ac Ga,0.9972073271738635
Ac Gd,0.9961992132565474
Ac Ge,0.9962700406093097
Ac H,0.9973157270035493
Ac Hf,0.9971298418892166
Ac Hg,0.9970391017332687
Ac Ho,0.9958258548156458
Ac I,0.9975363963592869
Ac In,0.9917056612504679
Ac Ir,0.9967685978792958
Ac K,0.9955378900648986
Ac La,0.9948259897802525
Ac Li,0.9964042759377904
Ac Lu,0.9966846618769174
Ac Mg,0.997267131548198
Ac Mn,0.9962201156704894
Ac Mo,0.9973714882520563
Ac N,0.9970947892566007
Ac Na,0.9976959144277301
Ac Nb,0.9953531627403142
Ac Nd,0.9968843463084283
Ac Ni,0.9979134737280007
Ac Np,0.9974639539985716
Ac O,0.9978039413158172
Ac Os,0.9972816619391701
Ac P,0.9973205377469643
Ac Pa,0.9987103346877534
Ac Pb,0.9969202143547559
Ac Pd,0.9969189295854131
Ac Pm,0.994573809162093
Ac Pr,0.9958054085642299
Ac Pt,0.9969831844050266
Ac Pu,0.9978025968238246
Ac Rb,0.9965060415866197
Ac Re,0.9963408290457475
Ac Rh,0.9959266737768406
Ac Ru,0.995319799720456
Ac S,0.998060886992832
Ac Sb,0.9942786424816097
Ac Sc,0.9972116430928173
Ac Se,0.997878959074351
Ac Si,0.9964196457083617
Ac Sm,0.9978573525031331
Ac Sn,0.9951685264526542
Ac Sr,0.9969514051917747
Ac Ta,0.9949852909438025
Ac Tb,0.9957403235701834
Ac Tc,0.9962112157270623
Ac Te,0.9950509357660681
Ac Th,0.9968416228445375
Ac Ti,0.9968293305626209
Ac Tl,0.9971626951279219
Ac Tm,0.9963954825302344
Ac U,0.9968119492473069
Ac V,0.9973423982086963
Ac W,0.9982739404726547
Ac Y,0.9970794057784708
Ac Yb,0.9970756957780658
Ac Zn,0.9968524171955369
Ac Zr,0.9961502390784805
Ag Al,0.9983163158824665
Ag As,0.9955336346978882
Ag Au,0.9992427180207518
Ag B,0.9981383985391515
Ag Ba,0.9979071508722497
Ag Be,0.9938126581513939
Ag Bi,0.9978540000510621
Ag Br,0.9978284115114349
Ag C,0.9977666827527893
Ag Ca,0.9972551643222762
Ag Cd,0.9977282218045187
Ag Ce,0.9965241938242457
Ag Cl,0.9975047434732927
Ag Co,0.9960328508715451
Ag Cr,0.998085128653604
Ag Cs,0.9981396973386402
Ag Cu,0.9981871447202738
Ag Dy,0.9962394332525084
Ag Er,0.9975345793190951
Ag Eu,0.9976575081745969
Ag F,0.9974078466013471
Ag Fe,0.9987345069766849
Ag Ga,0.9984890069085097
Ag Gd,0.9971106555859418
Ag Ge,0.9985855420765867
Ag H,0.9975991036231215
Ag Hf,0.9974907848786386
Ag Hg,0.9986775392724083
Ag Ho,0.9971224858255909
Ag I,0.9955731576942819
Ag In,0.9915255445263744
Ag Ir,0.9984000963824692
Ag K,0.9977736527007727
Ag La,0.9964479673513951
Ag Li,0.9975530328327908
Ag Lu,0.9949316246766942
Ag Mg,0.9987034920950788
Ag Mn,0.9971132327703833
Ag Mo,0.9971021981430899
Ag N,0.9975463440849264
Ag Na,0.9988292951541953
Ag Nb,0.9977922311933649
Ag Nd,0.9971072091776029
Ag Ni,0.997456080959445
Ag Np,0.9960669224938324
Ag O,0.9967320810824746
Ag Os,0.9972315643736389
Ag P,0.99778589190084
Ag Pa,0.9965955938273511
Ag Pb,0.9977203273538076
Ag Pd,0.996709450376445
Ag Pm,0.9951445747607709
Ag Pr,0.9971983363756417
Ag Pt,0.9980134408048844
Ag Pu,0.9957852156688497
Ag Rb,0.9984180836319467
Ag Re,0.9979222394083567
Ag Rh,0.9978341315397043
Ag Ru,0.9967360439244641
Ag S,0.9977915530918934
Ag Sb,0.9972259620684949
Ag Sc,0.9973434277482545
Ag Se,0.9968437826287389
Ag Si,0.9981583694695554
Ag Sm,0.9967389794459789
Ag Sn,0.9978356814287687
Ag Sr,0.9965028264283102
Ag Ta,0.9983676023040726
Ag Tb,0.9963029325052686
Ag Tc,0.996650566401534
Ag Te,0.9956791936290015
Ag Th,0.9972459268801966
Ag Ti,0.9983088535758969
Ag Tl,0.9977374270864423
Ag Tm,0.9971436871558822
Ag U,0.9969776028271825
Ag V,0.9980825058827452
Ag W,0.9976055755896612
Ag Y,0.9971507993822541
Ag Yb,0.9982399561898178
Ag Zn,0.9977836139285354
Ag Zr,0.9979442064266786
Al As,0.9955228245953635
Al Au,0.9983565926179508
Al B,0.9989426235106679
Al Ba,0.9983835150553682
Al Be,0.993097010881421
Al Bi,0.9985316720911028
Al Br,0.9984852949096996
Al C,0.998561393185994
Al Ca,0.999092227568043
Al Cd,0.9983162911784428
Al Ce,0.9977393547321961
Al Cl,0.9987906566096336
Al Co,0.9982894306435461
Al Cr,0.9988790225814799
Al Cs,0.9979671683188215
Al Cu,0.9973411079006339
Al Dy,0.99633521241332
Al Er,0.9981128145934945
Al Eu,0.9979971750062568
Al F,0.9983595540253911
Al Fe,0.9984962114191833
Al Ga,0.9991148390810798
Al Gd,0.9978626063775933
Al Ge,0.9988684336215329
Al H,0.9981826793117758
Al Hf,0.9989495524601578
Al Hg,0.9982321956793296
Al Ho,0.9973532432124784
Al I,0.9968542711699
Al In,0.9911309030178601
Al Ir,0.9974753263295739
Al K,0.9970762709722335
Al La,0.9981617745803664
Al Li,0.9988679249714303
Al Lu,0.9979766196871244
Al Mg,0.9990837320314327
Al Mn,0.9984303723779633
Al Mo,0.9990906663734594
Al N,0.9983503386167691
Al Na,0.9985208055463412
Al Nb,0.99704422531079
Al Nd,0.9983733422277628
Al Ni,0.9992080144319231
Al Np,0.9968100064523717
Al O,0.9986033647594571
Al Os,0.9983664624691304
Al P,0.998974615441968
Al Pa,0.9974079064083252
Al Pb,0.9987446269616554
Al Pd,0.9985253667722587
Al Pm,0.9944953871305238
Al Pr,0.9977845738017739
Al Pt,0.9987118441692371
Al Pu,0.9977408599203744
Al Rb,0.9986831768682399
Al Re,0.9983717191394086
Al Rh,0.9982681712383916
Al Ru,0.9975860423223148
Al S,0.9986581479549193
Al Sb,0.9965057996641086
Al Sc,0.9982723791573622
Al Se,0.9979048011133813
Al Si,0.9995248835076702
Al Sm,0.9977393635096117
Al Sn,0.9987103531102419
Al Sr,0.9981219516759653
Al Ta,0.9978293021675224
Al Tb,0.9964570105432484
Al Tc,0.9959528004798054
Al Te,0.9970327401231528
Al Th,0.9976157643538436
Al Ti,0.9994338054796296
Al Tl,0.9982132634125218
Al Tm,0.9981295623940075
Al U,0.997901306524907
Al V,0.9987500431321019
Al W,0.9985971723046735
Al Y,0.9984774655370117
Al Yb,0.9983204589895314
Al Zn,0.9990576980223964
Al Zr,0.9994150689519741
As Au,0.9956372350760362
As B,0.9947742698376955
As Ba,0.9951782900294488
As Be,0.9952480661801184
As Bi,0.9949772629778264
As Br,0.9947790716432678
As C,0.994937120562858
As Ca,0.9954286268702802
As Cd,0.9954750524042986
As Ce,0.9960655349306407
As Cl,0.9936944222793701
As Co,0.9946546046131959
As Cr,0.9960552028519227
As Cs,0.9963218876863567
As Cu,0.9951207315785228
As Dy,0.9936172287802624
As Er,0.9952366285390801
As Eu,0.9945750763492842
As F,0.9938021291582687
As Fe,0.9946728638807655
As Ga,0.9963933096385453
As Gd,0.995442153357561
As Ge,0.9961100080851963
As H,0.9944729759587404
As Hf,0.9948686189050601
As Hg,0.9949411268684623
As Ho,0.995424064920902
As I,0.9927082303413408
As In,0.9940606396898725
As Ir,0.9957111580601296
As K,0.9938109394532354
As La,0.9934181317269604
As Li,0.9942985015807193
As Lu,0.9948370442474916
As Mg,0.9956322499370202
As Mn,0.9954554633350388
As Mo,0.9951005086626287
As N,0.994402645564227
As Na,0.9945828280669877
As Nb,0.994330295121278
As Nd,0.9949000158463666
As Ni,0.9957340706252817
As Np,0.9940304030218434
As O,0.9947755746534239
As Os,0.9961383794895073
As P,0.9949481985997953
As Pa,0.9958461546478619
As Pb,0.994899847528034
As Pd,0.9956650247175276
As Pm,0.995197352961377
As Pr,0.9945957104549362
As Pt,0.9955332222250598
As Pu,0.9945921346512098
As Rb,0.9951724425216859
As Re,0.9947096437385388
As Rh,0.9958447836237543
As Ru,0.994959625559892
As S,0.9966857594121107
As Sb,0.9946253699869392
As Sc,0.9947136502765421
As Se,0.9968353975815394
As Si,0.995835531041287
As Sm,0.9947968325998128
As Sn,0.9959059617827809
As Sr,0.9952034772926048
As Ta,0.9951142422595314
As Tb,0.9943173707871704
As Tc,0.9943907034801269
As Te,0.9940569245513623
As Th,0.9944732670312699
As Ti,0.9951441628131898
As Tl,0.9947372529316254
As Tm,0.9947097050710616
As U,0.9934680838650872
As V,0.9951882561065728
As W,0.9951400420234319
As Y,0.9946594751463945
As Yb,0.9953541056441688
As Zn,0.9954833813668871
As Zr,0.9957047138608875
Au B,0.9973889648346309
Au Ba,0.9983426786574104
Au Be,0.9949537165156945
Au Bi,0.9984992766015544
Au Br,0.9971971961013106
Au C,0.9973636098806369
Au Ca,0.9969954282456955
Au Cd,0.9985685222352373
Au Ce,0.9971707183762323
Au Cl,0.9964728743254592
Au Co,0.9967879703395339
Au Cr,0.9985543032494579
Au Cs,0.9977459162390293
Au Cu,0.9987863205738887
Au Dy,0.997640463142186
Au Er,0.9972983421074058
Au Eu,0.9983788009597245
Au F,0.9964143900854588
Au Fe,0.999078054460435
Au Ga,0.9984467960037924
Au Gd,0.9977566847288202
Au Ge,0.9986892732189783
Au H,0.9956824846059515
Au Hf,0.9974784063878791
Au Hg,0.9976109148399527
Au Ho,0.9974439261754595
Au I,0.9925467693613691
Au In,0.9922748837596693
Au Ir,0.9981464327331594
Au K,0.9978505292892732
Au La,0.9981014433876991
Au Li,0.9978671819803113
Au Lu,0.996695653481613
Au Mg,0.9985919282035725
Au Mn,0.9984794646977697
Au Mo,0.9971764496324056
Au N,0.9962607461812594
Au Na,0.9972350099162257
Au Nb,0.9986164441107284
Au Nd,0.9977120711239594
Au Ni,0.9974679879419822
Au Np,0.9961549869222867
Au O,0.995202965811282
Au Os,0.9982164970131061
Au P,0.9973178436054111
Au Pa,0.9963635235263846
Au Pb,0.9981937602039346
Au Pd,0.997723219336963
Au Pm,0.9967530268400575
Au Pr,0.9979651372957775
Au Pt,0.9985023780666586
Au Pu,0.9959272083909332
Au Rb,0.9979511281905568
Au Re,0.9981544943929888
Au Rh,0.998702083295044
Au Ru,0.9978733567532713
Au S,0.996834733918412
Au Sb,0.9982752120569983
Au Sc,0.9982035960225436
Au Se,0.9973494786215443
Au Si,0.998366754541539
Au Sm,0.996028394598515
Au Sn,0.9983293642531574
Au Sr,0.9974500139328394
Au Ta,0.9989613807548603
Au Tb,0.9973894416463622
Au Tc,0.9971559954815932
Au Te,0.9971525097714266
Au Th,0.9978247812544754
Au Ti,0.9987081441718582
Au Tl,0.9982462509556415
Au Tm,0.9978474041052648
Au U,0.998497848759914
Au V,0.9980719347212874
Au W,0.9965871992082809
Au Y,0.9969505403246742
Au Yb,0.9981457632973272
Au Zn,0.9980623969041593
Au Zr,0.9982380528270849
Ba Be,0.9928001347023118
Ba Bi,0.9989231247428612
Ba Br,0.997975566548511
Ba C,0.9974380936828198
Ba Ca,0.9987790199830016
Ba Cd,0.9986016025469209
Ba Ce,0.9984326281576004
Ba Cl,0.9971270921034467
Ba Co,0.9978522320029996
Ba Cr,0.9985820084806158
Ba Cs,0.9982306635861485
Ba Cu,0.9982701184295019
Ba Dy,0.9976970768188023
Ba Er,0.9980656650091433
Ba Eu,0.9988400512852869
Ba F,0.9974196039804588
Ba Fe,0.9987509370382852
Ba Ga,0.9990506103703973
Ba Gd,0.9982313618822874
Ba Ge,0.9982369099779173
Ba H,0.9967983429827606
Ba Hf,0.997938771518501
Ba Hg,0.9976299460742769
Ba Ho,0.9977237846467613
Ba I,0.9949145604192978
Ba In,0.9918211077095078
Ba Ir,0.9966220943766507
Ba K,0.9971719679938723
Ba La,0.9985745029163808
Ba Li,0.9978131041696249
Ba Lu,0.9976276561892797
Ba Mg,0.9992505821338977
Ba Mn,0.9982779068393693
Ba Mo,0.9983986494539128
Ba N,0.9969376346644883
Ba Na,0.998617322731433
Ba Nb,0.9986035263911395
Ba Nd,0.9984574430094045
Ba Ni,0.9981801104947592
Ba Np,0.997421483739014
Ba O,0.9974752387590552
Ba Os,0.9986248054385564
Ba P,0.9983864224463794
Ba Pa,0.9978239085891737
Ba Pb,0.999094413169296
Ba Pd,0.997753687931518
Ba Pm,0.9955215599389906
Ba Pr,0.9987867137345118
Ba Pt,0.9981455053585213
Ba Pu,0.9979509713307431
Ba Rb,0.9987099133260136
Ba Re,0.9982780695600406
Ba Rh,0.9981585663706798
Ba Ru,0.9979636246154714
Ba S,0.9975702756344573
Ba Sb,0.9984012724451704
Ba Sc,0.9982493997778945
Ba Se,0.9981223226978415
Ba Si,0.9984443571438063
Ba Sm,0.9986180497777188
Ba Sn,0.9985827420628923
Ba Sr,0.999006224497837
Ba Ta,0.9988836552244913
Ba Tb,0.9980147396388089
Ba Tc,0.9964133944340299
Ba Te,0.9978464635296376
Ba Th,0.9981427831142016
Ba Ti,0.999056094442867
Ba Tl,0.9980086321329004
Ba Tm,0.9975778677465706
Ba U,0.9974126702076881
Ba V,0.9982637571642509
Ba W,0.9971789543139687
Ba Y,0.9982823008276496
Ba Yb,0.9985445808216195
Ba Zn,0.998848837337617
Ba Zr,0.9984811923590264
B Ba,0.9984375410451035
B Be,0.9929812943692544
B Bi,0.9985788046786679
B Br,0.9987366578167808
B C,0.998691545333049
B Ca,0.9979681430603585
B Cd,0.9969339809818896
B Ce,0.9962084991018492
B Cl,0.9981546282536505
B Co,0.9972061441509472
B Cr,0.9985578252004234
B Cs,0.9976572825644321
B Cu,0.9960309598224819
B Dy,0.9957903684090565
Be Bi,0.9919517675226649
Be Br,0.9931136071701611
Be C,0.9931274041779545
Be Ca,0.99118585083411
Be Cd,0.994718409249251
Be Ce,0.9942392772806619
Be Cl,0.9917430201658661
Be Co,0.9926625067261707
Be Cr,0.9946178987226562
Be Cs,0.9938816466070759
Be Cu,0.9956578049552025
Be Dy,0.9950354070249239
Be Er,0.9943537398019305
Be Eu,0.9942329079429352
Be F,0.9924425903118075
Be Fe,0.9935445921690823
Be Ga,0.9933450711826165
Be Gd,0.9941382272824082
Be Ge,0.994541587201069
Be H,0.9923405539425544
Be Hf,0.9932638783922693
Be Hg,0.9926369637354578
Be Ho,0.994700516100047
Be I,0.9892564572390348
Be In,0.9949501089280628
Be Ir,0.9950209874078573
Be K,0.9933793445145245
Be La,0.9919746944361955
Be Li,0.9931172826445009
Be Lu,0.993518082454529
Be Mg,0.9937711739452597
Be Mn,0.9940146103373163
Be Mo,0.9930174818897145
Be N,0.9920313071685968
Be Na,0.9918359433982742
Be Nb,0.9939411411984896
Be Nd,0.9932377982191251
Be Ni,0.9932638954073012
Be Np,0.9918092804434439
Be O,0.9913528617490521
Be Os,0.9939509539818956
Be P,0.9932832548533621
Be Pa,0.9902809994618449
Be Pb,0.9923745958103842
Be Pd,0.9937740042841519
Be Pm,0.9941043974453736
Be Pr,0.9940102060789627
Be Pt,0.9947564795715996
Be Pu,0.9918753684572686
B Er,0.997759553526677
Be Rb,0.9931236690154963
Be Re,0.9937365618407317
Be Rh,0.9944796555272141
Be Ru,0.9947198177192171
Be S,0.9926058821156123
Be Sb,0.9952528631185997
Be Sc,0.9933956596383796
Be Se,0.9934227134010634
Be Si,0.993784330475983
Be Sm,0.9934517710463386
Be Sn,0.994868333373157
Be Sr,0.9935080888474543
Be Ta,0.9944736608285483
Be Tb,0.9940113666387052
Be Tc,0.9929545860007207
Be Te,0.9938761875421062
Be Th,0.9933825771097732
Be Ti,0.9943826291914174
Be Tl,0.9941188714180433
Be Tm,0.9927375390013674
Be U,0.9927596112015381
B Eu,0.9971911594420073
Be V,0.9932398549242276
Be W,0.9924218721735294
Be Y,0.993141742887546
Be Yb,0.993420878098312
Be Zn,0.9934511256876446
Be Zr,0.9947549176200712
B F,0.9985788037220559
B Fe,0.998144023995533
B Ga,0.9984534142161419
B Gd,0.9968268434964259
B Ge,0.9980098642385792
B H,0.9983143783655022
B Hf,0.9982686420410285
B Hg,0.9973373567714904
B Ho,0.9970099619990677
B I,0.9960149992714089
Bi Br,0.9985947590941298
Bi C,0.9973325336892549
Bi Ca,0.9979520710348623
Bi Cd,0.9980643823836307
Bi Ce,0.9977506134233459
Bi Cl,0.997252270259716
Bi Co,0.9983291902885466
Bi Cr,0.9985062524662173
Bi Cs,0.9977771369837772
Bi Cu,0.9974665371197402
Bi Dy,0.9971503815995175
Bi Er,0.997626102087636
Bi Eu,0.9978861115810354
Bi F,0.9965524474246539
Bi Fe,0.9985478812041816
Bi Ga,0.9987097869308315
Bi Gd,0.997751357224594
Bi Ge,0.9979751005370258
Bi H,0.9972938803316459
Bi Hf,0.9979824251066451
Bi Hg,0.997553402892454
Bi Ho,0.9977471393790582
Bi I,0.9953587032855193
Bi In,0.9901619966937545
Bi Ir,0.9973534609601515
Bi K,0.9964477126322919
Bi La,0.9987584576840947
Bi Li,0.9983585467085815
Bi Lu,0.9975273323024305
Bi Mg,0.9986394448697327
Bi Mn,0.997742836802734
Bi Mo,0.9980138660729206
Bi N,0.9969142934889603
B In,0.9904749788081427
Bi Na,0.9978998041261838
Bi Nb,0.9972541942644175
Bi Nd,0.9988148591664602
Bi Ni,0.9983396996555843
Bi Np,0.9971949155703701
Bi O,0.9972504364517504
Bi Os,0.9985947333685139
Bi P,0.9981430260761622
Bi Pa,0.9963882711733117
Bi Pb,0.9990612244192373
Bi Pd,0.9984753091456284
Bi Pm,0.9944178823609139
Bi Pr,0.9984019047004381
Bi Pt,0.9985467892469705
Bi Pu,0.9976044931866088
B Ir,0.9969655369191763
Bi Rb,0.9984782352573152
Bi Re,0.9977741298923418
Bi Rh,0.9981700801251177
Bi Ru,0.9975752111757785
Bi S,0.997581969191451
Bi Sb,0.9974523911507048
Bi Sc,0.9983854605471715
Bi Se,0.9982214576780913
Bi Si,0.998570412593051
Bi Sm,0.9979148443801492
Bi Sn,0.9987417024702627
Bi Sr,0.9981282877115819
Bi Ta,0.9982066635851095
Bi Tb,0.9968100928585931
Bi Tc,0.9960370149176018
Bi Te,0.9980925499116995
Bi Th,0.9980134159766719
Bi Ti,0.999068785614255
Bi Tl,0.9983626551209164
Bi Tm,0.9975556661080631
Bi U,0.9972450899262894
Bi V,0.9981671496379505
Bi W,0.9970442102605629
Bi Y,0.9982209471287916
Bi Yb,0.9983562183454311
Bi Zn,0.9986520072459272
Bi Zr,0.9985243403892169
B K,0.9973357077824145
B La,0.9971350179699692
B Li,0.9979740738851862
B Lu,0.9963905543323782
B Mg,0.9982296551137009
B Mn,0.9971718467522828
B Mo,0.9978857286313418
B N,0.9989280695183382
B Na,0.9986071009294787
B Nb,0.9972659830161085
B Nd,0.9977491187067222
B Ni,0.9979658168405887
B Np,0.9964826146661286
B O,0.9980701453688935
B Os,0.9969155642079872
B P,0.9989032726361492
B Pa,0.9972462680631646
B Pb,0.9981236096699814
B Pd,0.9979277714662081
B Pm,0.9948731260013676
B Pr,0.9972884397855553
B Pt,0.997469905465402
B Pu,0.9972311935735898
B Rb,0.998469192770699
Br C,0.9977175947798869
Br Ca,0.9976486907330152
Br Cd,0.9968158149959508
Br Ce,0.9972747920903756
Br Cl,0.9992094110946684
Br Co,0.9965072346302628
Br Cr,0.9984273857720484
Br Cs,0.9976673980217607
Br Cu,0.9951759685151974
Br Dy,0.996524251154388
B Re,0.9975225299485881
Br Er,0.9978853886732677
Br Eu,0.9975033503297223
Br F,0.9990390958776026
Br Fe,0.9970974249897692
Br Ga,0.9985749935218733
Br Gd,0.9970104849254083
Br Ge,0.9981497152385226
Br H,0.997997638092022
B Rh,0.9975729078185362
Br Hf,0.9985615589063768
Br Hg,0.99778069051881
Br Ho,0.997292842598332
Br I,0.9963663095650963
Br In,0.9899445310938332
Br Ir,0.9973661281091913
Br K,0.9970011437871583
Br La,0.9972405247164211
Br Li,0.9984355360473243
Br Lu,0.9967517113220302
Br Mg,0.998373665581807
Br Mn,0.9975073708159359
Br Mo,0.9968526506557048
Br N,0.9983089287837356
Br Na,0.9987300154104962
Br Nb,0.9969601194988407
Br Nd,0.9981240437912594
Br Ni,0.9974585041805267
Br Np,0.9967652774581407
Br O,0.9981885002320579
Br Os,0.9979482229161372
Br P,0.9984570855607285
Br Pa,0.9962937005378374
Br Pb,0.9979139992182083
Br Pd,0.9972849008213981
Br Pm,0.9953024625975682
Br Pr,0.9982121550164613
Br Pt,0.9980391682094079
Br Pu,0.9973006097362536
Br Rb,0.9988392395724994
Br Re,0.997782017282043
Br Rh,0.997995926160663
Br Ru,0.9967770545572331
Br S,0.9987228069284365
Br Sb,0.9977011175865085
Br Sc,0.9976094056462055
Br Se,0.9983606794564462
Br Si,0.9978826055730586
Br Sm,0.9979476789195898
Br Sn,0.9979517517571903
Br Sr,0.9981997954149177
Br Ta,0.9964635776791948
Br Tb,0.996765500272779
Br Tc,0.9953570184948419
Br Te,0.9962939432497221
Br Th,0.9971596822637812
Br Ti,0.9980293543905042
Br Tl,0.9983283907345645
Br Tm,0.9970421896767001
Br U,0.9969983326050915
B Ru,0.9965440152994453
Br V,0.998107031863749
Br W,0.9977919103769501
Br Y,0.9976349634292629
Br Yb,0.9980156557552503
Br Zn,0.9980632254094401
Br Zr,0.9984131754541269
B S,0.998838066126316
B Sb,0.9980265374380556
B Sc,0.9975689508037054
B Se,0.9969566191433918
B Si,0.9986864316773365
B Sm,0.9977567772531486
B Sn,0.9966085838912263
B Sr,0.9977958499554026
B Ta,0.9977028514170264
B Tb,0.9968633930348768
B Tc,0.9958791709449331
B Te,0.9961990406681395
B Th,0.9967273038574826
B Ti,0.9984653975704472
B Tl,0.9974320052518879
B Tm,0.9972118408971905
B U,0.9977681861669574
B V,0.9988112391544534
B W,0.9981315439574199
B Y,0.9980577782234927
B Yb,0.998466946974105
B Zn,0.9971321210449436
B Zr,0.99800113882271
Ca Cd,0.9983958761258226
Ca Ce,0.9987243019090718
Ca Cl,0.9982520449244475
Ca Co,0.9980445156266459
Ca Cr,0.998698543758113
Ca Cs,0.9986795859976753
Ca Cu,0.9964862092600857
Ca Dy,0.9959953719551928
Ca Er,0.997660882413341
Ca Eu,0.9981238517616539
Ca F,0.9978334113531612
Ca Fe,0.9978307623765698
Ca Ga,0.9983294026381121
Ca Gd,0.9981923486799853
Ca Ge,0.9979762995395571
Ca H,0.9978270194535873
Ca Hf,0.9980692166873224
Ca Hg,0.9975928470962477
Ca Ho,0.9976605802196
Ca I,0.9965171250562204
Ca In,0.98991108030968
Ca Ir,0.9963732355690575
Ca K,0.9971185359173582
Ca La,0.9978949680587624
Ca Li,0.9976206687607855
Ca Lu,0.9979968112620299
Ca Mg,0.9989329476136314
Ca Mn,0.9983882074204143
Ca Mo,0.9983734586022235
Ca N,0.9977754218815647
Ca Na,0.9988451993800921
Ca Nb,0.9966275405693652
Ca Nd,0.998855022870673
Ca Ni,0.9990725057306252
Ca Np,0.9981664372494752
Ca O,0.9982668336436149
Ca Os,0.9980990680068045
Ca P,0.9988446027701549
Ca Pa,0.9979672941033281
Ca Pb,0.9989536156533816
Ca Pd,0.9986830560477207
Ca Pm,0.9948182330148718
Ca Pr,0.9979358856954185
Ca Pt,0.9979366364209317
Ca Pu,0.9985498615016218
Ca Rb,0.9984717495200248
Ca Re,0.9973411631783756
Ca Rh,0.9976314378375649
Ca Ru,0.9959552451705093
Ca S,0.9982460566262792
Ca Sb,0.9959444603360719
Ca Sc,0.9978994485220071
Ca Se,0.9970133284437559
Ca Si,0.9986767885788741
Ca Sm,0.998200240821408
Ca Sn,0.9980796902516311
Ca Sr,0.99821731544764
Ca Ta,0.997162051641817
Ca Tb,0.9972825820681559
Ca Tc,0.9956751552618828
Ca Te,0.996437242535077
Ca Th,0.9970305267389901
Ca Ti,0.9984808545717936
Ca Tl,0.9977177731711596
Ca Tm,0.997080541283771
Ca U,0.9974641378408395
Ca V,0.9984084090655883
Ca W,0.9978258732536979
Ca Y,0.9981598699863877
Ca Yb,0.9981480209292408
Ca Zn,0.9987339533069448
Ca Zr,0.9988304841636262
C Ca,0.9985997237056425
C Cd,0.9975729606574818
C Ce,0.997784162762605
C Cl,0.9981288946289167
C Co,0.9977104600045766
C Cr,0.9983972426370373
C Cs,0.9982191728113341
C Cu,0.9974515161873142
Cd Ce,0.9981261052653646
Cd Cl,0.9966079018534075
Cd Co,0.9974580698263597
Cd Cr,0.998878900825218
Cd Cs,0.9984658444979411
Cd Cu,0.9989099740104967
Cd Dy,0.9976116482682327
Cd Er,0.9961203538580063
Cd Eu,0.9970747619941095
Cd F,0.9954718044039297
Cd Fe,0.9983362084697778
Cd Ga,0.9985436346606822
Cd Gd,0.9982094499589312
Cd Ge,0.9984400371351843
Cd H,0.9954342319750106
Cd Hf,0.996692980445192
Cd Hg,0.998136095543697
Cd Ho,0.996724276279789
Cd I,0.9919338373948111
Cd In,0.9925395514167049
Cd Ir,0.9960912763326008
Cd K,0.9964636259516862
Cd La,0.9966489375543324
Cd Li,0.9968673758415338
Cd Lu,0.9958633667669852
Cd Mg,0.9984198606746834
Cd Mn,0.9983964528838689
Cd Mo,0.9976646942764118
Cd N,0.9951790730215397
Cd Na,0.9971804934807951
Cd Nb,0.998031627956107
Cd Nd,0.9980562430705345
Cd Ni,0.9976872611605809
Cd Np,0.9960102275724033
Cd O,0.9946432713697827
Cd Os,0.9982954411685726
Cd P,0.9975825553712399
Cd Pa,0.9964459151029804
Cd Pb,0.9988636101714865
Cd Pd,0.9987830615978301
Cd Pm,0.9957853484943484
Cd Pr,0.9973698431554104
Cd Pt,0.998226912356603
Cd Pu,0.9956091052187931
Cd Rb,0.9977033829935562
Cd Re,0.9965776012765662
Cd Rh,0.9981676403570141
Cd Ru,0.9973652489610754
Cd S,0.9970356433649613
Cd Sb,0.9976940522008577
Cd Sc,0.9984468232087724
Cd Se,0.9980811042993083
Cd Si,0.9983275825167784
Cd Sm,0.9973311832542161
Cd Sn,0.998677054799149
Cd Sr,0.9982710831015051
Cd Ta,0.9980597971905226
Cd Tb,0.9967882237501586
Cd Tc,0.9970116501494787
Cd Te,0.9970917267802953
Cd Th,0.9980846870835383
Cd Ti,0.9981992559382507
Cd Tl,0.9985517906925893
Cd Tm,0.9973346492361159
Cd U,0.9966275921880098
Cd V,0.9977599325300773
Cd W,0.9962810461845306
Cd Y,0.9976524724796748
C Dy,0.995558034181476
Cd Yb,0.9968639382527076
Cd Zn,0.999009784785765
Cd Zr,0.9987818660572789
Ce Cl,0.9977639722020432
Ce Co,0.9979588740089351
Ce Cr,0.9986520208997083
Ce Cs,0.9986367724710178
Ce Cu,0.9980044975068636
Ce Dy,0.998230647312456
Ce Er,0.9986787755833979
Ce Eu,0.9990036967676089
Ce F,0.9970779510789012
Ce Fe,0.9971776659263828
Ce Ga,0.9979441871134411
Ce Gd,0.9993625818912656
Ce Ge,0.9979143975654102
Ce H,0.9968869908368025
Ce Hf,0.9972724886498257
Ce Hg,0.9960671880656586
Ce Ho,0.9985751489364662
Ce I,0.9946108989345954
Ce In,0.9930135335856098
Ce Ir,0.9967079258529238
Ce K,0.9966721779686505
Ce La,0.998113255930501
Ce Li,0.9977929934117378
Ce Lu,0.998653774418015
Ce Mg,0.9982755769126117
Ce Mn,0.9981067349876867
Ce Mo,0.9975183163615293
Ce N,0.9961802811943088
Ce Na,0.9978413456795856
Ce Nb,0.9977848461895354
Ce Nd,0.9988514966030049
Ce Ni,0.9973735238900989
Ce Np,0.9971591474177455
Ce O,0.9974245395066546
Ce Os,0.9986052326153783
Ce P,0.9978477244148273
Ce Pa,0.997435033962328
Ce Pb,0.9985204142903423
Ce Pd,0.9988022873698449
Ce Pm,0.995973147996331
Ce Pr,0.9987978433536105
Ce Pt,0.9983489242271804
Ce Pu,0.9980022863658886
C Er,0.9967768353990354
Ce Rb,0.9974973203173664
Ce Re,0.998504797877892
Ce Rh,0.9979013387960028
Ce Ru,0.9981868402788505
Ce S,0.9977103930671725
Ce Sb,0.9972554906937469
Ce Sc,0.9984534967874398
Ce Se,0.9985110883691036
Ce Si,0.9982057710883112
Ce Sm,0.9988862198899957
Ce Sn,0.9984666479249336
Ce Sr,0.9986890680274352
Ce Ta,0.997766003014843
Ce Tb,0.9990036203706297
Ce Tc,0.9971601682723448
Ce Te,0.9986899897146784
Ce Th,0.998518691963644
Ce Ti,0.9982760860353288
Ce Tl,0.9986174183593168
Ce Tm,0.9980305218698473
Ce U,0.9985192237200451
C Eu,0.9967852847127666
Ce V,0.9976818917198893
Ce W,0.9961273020578973
Ce Y,0.9984102609662128
Ce Yb,0.9982691655089191
Ce Zn,0.9981611769164337
Ce Zr,0.9986247948553278
C F,0.9983772043555909
C Fe,0.9975455132737263
C Ga,0.9983152551970021
C Gd,0.9961889784105009
C Ge,0.9976917506069507
C H,0.9976056991453921
C Hf,0.9978371056916109
C Hg,0.9972168129994832
C Ho,0.9967464784604646
C I,0.9947002874100976
C In,0.9901480542301438
C Ir,0.9974216539085864
C K,0.997862557033912
C La,0.9961078080251871
Cl Co,0.9966734315072626
Cl Cr,0.9978228382561212
Cl Cs,0.9970836578126577
Cl Cu,0.9958012791492986
Cl Dy,0.9959913801573231
Cl Er,0.9977609199604481
Cl Eu,0.9977300885215431
Cl F,0.9987719952321968
Cl Fe,0.997494397655788
Cl Ga,0.998275820286359
Cl Gd,0.9964738804005342
Cl Ge,0.9978223437058044
Cl H,0.9987282531176146
Cl Hf,0.9985445261029524
Cl Hg,0.9983233805878023
Cl Ho,0.9964680279226427
Cl I,0.9972940896872222
C Li,0.9971795389599291
Cl In,0.9897841715168235
Cl Ir,0.9970225650891108
Cl K,0.9964918199750809
Cl La,0.9973026260595038
Cl Li,0.9985906932745777
Cl Lu,0.9970521236181586
Cl Mg,0.9978372987280604
Cl Mn,0.9970334652230273
Cl Mo,0.9971881496238119
Cl N,0.998477417235795
Cl Na,0.9981484737645144
Cl Nb,0.9963737326351573
Cl Nd,0.9974173081692743
Cl Ni,0.9978845261631016
Cl Np,0.9960798426557087
Cl O,0.9989073197983888
Cl Os,0.9974960940342282
Cl P,0.9981932421092164
Cl Pa,0.9959462200967383
Cl Pb,0.9977599004750839
Cl Pd,0.996915270419352
Cl Pm,0.9935978527369803
Cl Pr,0.997279932661798
Cl Pt,0.997284890625671
Cl Pu,0.9976312695825691
Cl Rb,0.9983615397375446
Cl Re,0.9977694683177412
Cl Rh,0.997344182644607
Cl Ru,0.9963681168018663
Cl S,0.9984672564277816
Cl Sb,0.9959641753626548
Cl Sc,0.9971635301867698
Cl Se,0.9980725762997954
Cl Si,0.9977431567387207
Cl Sm,0.9977357376407191
Cl Sn,0.9972530381472539
Cl Sr,0.9977267430737697
Cl Ta,0.9952666989462873
Cl Tb,0.9955597293397948
Cl Tc,0.9952676348940517
Cl Te,0.9962962192489965
Cl Th,0.9973712621052621
Cl Ti,0.9980646603258604
Cl Tl,0.9982207670205432
Cl Tm,0.9964857535339141
Cl U,0.996561681301182
C Lu,0.9972417936270446
Cl V,0.9982694660226865
Cl W,0.9981382491421223
Cl Y,0.9975323418658574
Cl Yb,0.9978553900432272
Cl Zn,0.9978010388673727
Cl Zr,0.9979955695360122
C Mg,0.9977794269504797
C Mn,0.997126374180523
C Mo,0.9971367563047137
C N,0.9989124356818221
C Na,0.9980377669985683
C Nb,0.9970202605502402
C Nd,0.9978489997937975
C Ni,0.9980285364443134
C Np,0.996361814617972
C O,0.9974276468576909
Co Cr,0.9979860095241807
Co Cs,0.997321323282008
Co Cu,0.9967094692967263
Co Dy,0.9967980378303931
Co Er,0.9968734080050791
Co Eu,0.9979083454364118
Co F,0.9964203380518409
Co Fe,0.9968958048468332
Co Ga,0.9979639818019517
Co Gd,0.9971016320037857
Co Ge,0.9965687385726075
Co H,0.9961339512670835
Co Hf,0.9971990566837238
Co Hg,0.9959020333666994
Co Ho,0.996553876850822
Co I,0.9929447746342056
Co In,0.990236897466369
Co Ir,0.9953848081062814
Co K,0.995446083737246
Co La,0.9969204386866517
Co Li,0.9968031841192702
Co Lu,0.9978040376364313
Co Mg,0.9976299729133374
Co Mn,0.9980456743816571
Co Mo,0.9972543780662229
Co N,0.9958816254246332
Co Na,0.9966479076046145
Co Nb,0.995952985197659
Co Nd,0.9980516951445716
Co Ni,0.9987439635494054
Co Np,0.9978802505796045
Co O,0.9969098833690807
Co Os,0.9975666915170598
Co P,0.9977503785080214
Co Pa,0.9969950970322434
Co Pb,0.9974705446705464
Co Pd,0.9984231398514313
Co Pm,0.9941338319484146
Co Pr,0.9974574518566004
Co Pt,0.9983018218102476
Co Pu,0.9966417836177743
Co Rb,0.996697870362259
Co Re,0.9979406868861048
Co Rh,0.9976457305635572
Co Ru,0.9971647337273073
Co S,0.9972657889137333
C Os,0.9970323955063894
Co Sb,0.9964077952150421
Co Sc,0.9980667305868083
Co Se,0.9978072144132079
Co Si,0.9974994621696586
Co Sm,0.9981992555542818
Co Sn,0.9979258203495543
Co Sr,0.9980727907173985
Co Ta,0.9966147103023387
Co Tb,0.9955923645672553
Co Tc,0.9954075122659994
Co Te,0.9977662760629542
Co Th,0.9968621732550165
Co Ti,0.9981185957784442
Co Tl,0.9973227001686562
Co Tm,0.9971752731940453
Co U,0.9971375907269793
Co V,0.9975030042639245
Co W,0.9965161054960461
Co Y,0.9979849661449907
Co Yb,0.996826610939876
Co Zn,0.9985800915223718
Co Zr,0.9983004419175787
C P,0.9986950372526375
C Pa,0.9974751023201992
C Pb,0.9975216919700329
C Pd,0.997129648066901
C Pm,0.9949062413705035
C Pr,0.996943099231822
C Pt,0.9979708853314326
C Pu,0.9970302991278222
C Rb,0.9973711793564672
Cr Cs,0.9985408154656115
Cr Cu,0.9987105662352213
Cr Dy,0.9975198598632137
C Re,0.9974858819386795
Cr Er,0.9981083648303117
Cr Eu,0.9979008269697934
Cr F,0.9976730254048123
Cr Fe,0.9987310030649228
Cr Ga,0.9989428897697235
Cr Gd,0.9986582336988629
Cr Ge,0.9982155383620401
Cr H,0.9974398732428327
C Rh,0.997237794164927
Cr Hf,0.9981329095449747
Cr Hg,0.9977929820039229
Cr Ho,0.9981666349395628
Cr I,0.9951250456719354
Cr In,0.9922331028005568
Cr Ir,0.9975032878739647
Cr K,0.9969232561383691
Cr La,0.9978606991700282
Cr Li,0.9974155247376785
Cr Lu,0.9973375901756285
Cr Mg,0.9989242499936251
Cr Mn,0.9993362644070418
Cr Mo,0.9983743617815017
Cr N,0.998038542964798
Cr Na,0.998291779043372
Cr Nb,0.998250882885459
Cr Nd,0.9984717086126647
Cr Ni,0.9987143237827999
Cr Np,0.9975515677746821
Cr O,0.9974274824135316
Cr Os,0.9984258168413245
Cr P,0.9986242207324733
Cr Pa,0.9976138232923826
Cr Pb,0.9986687738037374
Cr Pd,0.9985548637404577
Cr Pm,0.996299012324078
Cr Pr,0.9987969613234688
Cr Pt,0.9987933703702342
Cr Pu,0.9973477668306632
Cr Rb,0.9984705433122303
Cr Re,0.9977846944177008
Cr Rh,0.998738694163882
Cr Ru,0.9985045850005505
Cr S,0.9982326660535982
Cr Sb,0.997374845973325
Cr Sc,0.9985642304984578
Cr Se,0.9978937544553228
Cr Si,0.9989014009815371
Cr Sm,0.9973773244767223
Cr Sn,0.9988706139292194
Cr Sr,0.9989301555925472
Cr Ta,0.9987549424502885
Cr Tb,0.9977910387661971
Cr Tc,0.9976260697682626
Cr Te,0.996311639035551
Cr Th,0.998239956822181
Cr Ti,0.9992427562163086
Cr Tl,0.9983527063496839
Cr Tm,0.9986340767424283
Cr U,0.9981062217685159
C Ru,0.9964186000606354
Cr V,0.9989463011316392
Cr W,0.9976516847236525
Cr Y,0.9984897459856907
Cr Yb,0.9981216070822013
Cr Zn,0.999208334884005
Cr Zr,0.9992426113784199
C S,0.9988162821518071
C Sb,0.9952263720805399
C Sc,0.9983820333523837
Cs Cu,0.9982191276298863
Cs Dy,0.9957023908885454
C Se,0.9964727642026618
Cs Er,0.9971753023078899
Cs Eu,0.9972406354035526
Cs F,0.9968360885319314
Cs Fe,0.9973152558563245
Cs Ga,0.998093221983622
Cs Gd,0.9983757650237266
Cs Ge,0.9979604484628446
Cs H,0.9966133101176409
Cs Hf,0.9972835375846868
Cs Hg,0.9970439544074317
Cs Ho,0.997741357573105
Cs I,0.9945095051828161
C Si,0.9986471100519407
Cs In,0.9921696674237573
Cs Ir,0.9980298662634419
Cs K,0.9977106883453428
Cs La,0.996073053593359
Cs Li,0.997836762901969
Cs Lu,0.9972888683411884
C Sm,0.9973895710223192
Cs Mg,0.9985594029136159
Cs Mn,0.9984163256622329
Cs Mo,0.9978762495816337
Cs N,0.9971193387183257
C Sn,0.9972336256263975
Cs Na,0.9978110526645448
Cs Nb,0.9973208295282904
Cs Nd,0.9981376136787597
Cs Ni,0.9976224968738114
Cs Np,0.9976108520046635
Cs O,0.9971209962275008
Cs Os,0.9986300800338709
Cs P,0.9976318248145235
Cs Pa,0.9978824362779566
Cs Pb,0.9975133135061796
Cs Pd,0.9979228318236559
Cs Pm,0.9963219788218876
Cs Pr,0.9967106348016195
Cs Pt,0.9976994185082704
Cs Pu,0.9966452107974428
C Sr,0.9976550864235089
Cs Rb,0.9985899455476506
Cs Re,0.9974904502109752
Cs Rh,0.9982080575619936
Cs Ru,0.9973420106308359
Cs S,0.9979816096917828
Cs Sb,0.9974163256945178
Cs Sc,0.9986152900758365
Cs Se,0.9976861493124463
Cs Si,0.9984018433503361
Cs Sm,0.9969412313230605
Cs Sn,0.9982572906115216
Cs Sr,0.9983583253358157
Cs Ta,0.9976263686363724
Cs Tb,0.9974694440783526
Cs Tc,0.9977710684272036
Cs Te,0.9965070981954155
Cs Th,0.997907605839688
Cs Ti,0.9979991428827357
Cs Tl,0.9982409683779134
Cs Tm,0.9975913207647682
Cs U,0.9972603422056826
Cs V,0.9982356632046104
Cs W,0.9976262572485274
Cs Y,0.9977541139196511
Cs Yb,0.998008471559846
Cs Zn,0.9981743183631526
Cs Zr,0.9982730227422363
C Ta,0.9972014101787695
C Tb,0.995688358465077
C Tc,0.996945311739157
C Te,0.9962352799310884
C Th,0.9964503200778443
C Ti,0.9983805684005083
C Tl,0.9973740122910402
C Tm,0.9967951377529638
C U,0.9976167850035789
Cu Dy,0.9976913397110527
Cu Er,0.9965944570136229
Cu Eu,0.9969569491954597
Cu F,0.9945505139015677
Cu Fe,0.9983620082420778
Cu Ga,0.9976064110020979
Cu Gd,0.997865112994922
Cu Ge,0.9979118065230635
Cu H,0.9942491408357463
Cu Hf,0.9961187725630054
Cu Hg,0.9975992255508592
Cu Ho,0.99713398352869
Cu I,0.9916869149225894
Cu In,0.9933229645701611
Cu Ir,0.9969598696948222
Cu K,0.9977813071469188
Cu La,0.9968116364940528
Cu Li,0.9963084688708974
Cu Lu,0.9969366358223942
Cu Mg,0.9986019534548171
Cu Mn,0.9983631834150397
Cu Mo,0.9965712261411247
Cu N,0.9947365422065568
Cu Na,0.9957891829743842
Cu Nb,0.9989017275756595
Cu Nd,0.9969820335204016
Cu Ni,0.9973615273756723
Cu Np,0.9950877122688737
Cu O,0.9934844026591185
Cu Os,0.9966907536025347
Cu P,0.9966762696814782
Cu Pa,0.9959073821703172
Cu Pb,0.99788295972937
Cu Pd,0.9979353523757037
Cu Pm,0.996258295212571
Cu Pr,0.9963743739600182
Cu Pt,0.998511078563118
Cu Pu,0.9960036426794782
Cu Rb,0.9971428520820663
Cu Re,0.9974579094145118
Cu Rh,0.9980046868059257
Cu Ru,0.9988310272418794
Cu S,0.9960713764565872
Cu Sb,0.9980914605853031
Cu Sc,0.9977932756292358
Cu Se,0.9970914565704028
Cu Si,0.9972447991233347
Cu Sm,0.9961516349358841
Cu Sn,0.9984859690455836
Cu Sr,0.9975580198183859
Cu Ta,0.9986761833755727
Cu Tb,0.9970972352206684
Cu Tc,0.9978478081444146
Cu Te,0.9969219147137252
Cu Th,0.9980242158284288
Cu Ti,0.9984179073496395
Cu Tl,0.9980409850653468
Cu Tm,0.9974129740670976
Cu U,0.9978739625651059
Cu V,0.9981171439952531
Cu W,0.9957115514944267
Cu Y,0.9974346644562283
Cu Yb,0.9975193272013506
Cu Zn,0.9981346939437462
Cu Zr,0.9982768603010288
C V,0.9985061251272412
C W,0.9977914405371057
C Y,0.99817604808835
C Yb,0.9979169070852594
C Zn,0.9975563983211799
C Zr,0.9978419441379924
Dy Er,0.9980772087831505
Dy Eu,0.9984323103610342
Dy F,0.995723970077973
Dy Fe,0.9971005664432975
Dy Ga,0.9970088158451053
Dy Gd,0.9977031010075482
Dy Ge,0.9967639698304995
Dy H,0.994622062684414
Dy Hf,0.9963399224820378
Dy Hg,0.9953276046626129
Dy Ho,0.998417621087541
Dy I,0.9882371184077734
Dy In,0.9914269603662264
Dy Ir,0.9954297521585239
Dy K,0.9955405629514078
Dy La,0.9976168805601913
Dy Li,0.996254436171513
Dy Lu,0.9971634527344577
Dy Mg,0.9970886334713599
Dy Mn,0.9978078553183013
Dy Mo,0.9957620662304906
Dy N,0.9946805316376544
Dy Na,0.996101554940343
Dy Nb,0.9984440193743332
Dy Nd,0.997647518185281
Dy Ni,0.9960290795668136
Dy Np,0.9956829703043744
Dy O,0.9942614658829071
Dy Os,0.9959972533437174
Dy P,0.9965344094476657
Dy Pa,0.9944332897731225
Dy Pb,0.9966720546598347
Dy Pd,0.9975358828079529
Dy Pm,0.9955977487774752
Dy Pr,0.9983764639657977
Dy Pt,0.9980156727342732
Dy Pu,0.9957059690965882
Dy Rb,0.9970470902607806
Dy Re,0.9973358680817855
Dy Rh,0.9978957617088653
Dy Ru,0.9984763426093669
Dy S,0.9961334703003472
Dy Sb,0.9980760695099986
Dy Sc,0.9977920168766191
Dy Se,0.9973115477692708
Dy Si,0.9965224244344768
Dy Sm,0.9978943023837403
Dy Sn,0.9983799410955764
Dy Sr,0.9980180438011389
Dy Ta,0.998133850764758
Dy Tb,0.9985067307916509
Dy Tc,0.9955099497287065
Dy Te,0.9983524889384809
Dy Th,0.997122086101701
Dy Ti,0.9968995225279359
Dy Tl,0.9975233768830435
Dy Tm,0.9968224969518624
Dy U,0.9976881828762019
Dy V,0.997490760630781
Dy W,0.9947165431732905
Dy Y,0.9977507128885355
Dy Yb,0.9963331207683083
Dy Zn,0.9972687514659982
Dy Zr,0.9972763661928363
Er Eu,0.9990972189688971
Er F,0.9979216831592869
Er Fe,0.9970349465475333
Er Ga,0.9983270051108644
Er Gd,0.9986875126095814
Er Ge,0.9982061548198726
Er H,0.9973407524053438
Er Hf,0.9973535076899998
Er Hg,0.9969602070590662
Er Ho,0.998531705956936
Er I,0.9943262252455022
Er In,0.9907389293340503
Er Ir,0.997338367974896
Er K,0.9962647946285867
Er La,0.9980541645357595
Er Li,0.9971417351474752
Er Lu,0.9982080308683324
Er Mg,0.9979053878258706
Er Mn,0.9974861787777628
Er Mo,0.997839447732487
Er N,0.9969319517879166
Er Na,0.9973876611299018
Er Nb,0.9976113236315234
Er Nd,0.9981727890846804
Er Ni,0.9973417775998275
Er Np,0.9970885708441909
Er O,0.9970799620958329
Er Os,0.997916033060444
Er P,0.9979062792739276
Er Pa,0.9957481897779135
Er Pb,0.9975924747922833
Er Pd,0.9981359591422562
Er Pm,0.9949787740991356
Er Pr,0.9988517818279551
Er Pt,0.9983335612730141
Er Pu,0.9977171660245248
Er Rb,0.9982114588667312
Er Re,0.9988812933114994
Er Rh,0.9980391427071578
Er Ru,0.9984627382642904
Er S,0.9979324273286531
Er Sb,0.9968237550207798
Er Sc,0.9982487026488853
Er Se,0.9978264252663344
Er Si,0.9983514022740012
Er Sm,0.9988283758560865
Er Sn,0.9979099283482517
Er Sr,0.9988844979668536
Er Ta,0.9973282222245791
Er Tb,0.9986036847070371
Er Tc,0.9957262838651597
Er Te,0.9974398009542631
Er Th,0.9984434299995256
Er Ti,0.9980389474755593
Er Tl,0.9983983983122995
Er Tm,0.9981690928924065
Er U,0.9988274647480206
Er V,0.99800014539467
Er W,0.997053744903658
Er Y,0.9982214358967493
Er Yb,0.9987241505606459
Er Zn,0.9971150414877813
Er Zr,0.9982133264071116
Eu F,0.9975337658701589
Eu Fe,0.9979691431436092
Eu Ga,0.9984861591712311
Eu Gd,0.9984510798717698
Eu Ge,0.9976903773332615
Eu H,0.9970149965628379
Eu Hf,0.9976764005270867
Eu Hg,0.9968088989211917
Eu Ho,0.9984832347526854
Eu I,0.993445829532718
Eu In,0.9899265453287485
Eu Ir,0.996818045028067
Eu K,0.9960410352503928
Eu La,0.9984780134049814
Eu Li,0.9971029608520207
Eu Lu,0.998098315556939
Eu Mg,0.9984917106049817
Eu Mn,0.9981661086602107
Eu Mo,0.9978906499745545
Eu N,0.9967730354829957
Eu Na,0.9980151893872293
Eu Nb,0.998228423081273
Eu Nd,0.9984922574965366
Eu Ni,0.9976502437885797
Eu Np,0.9975953519466214
Eu O,0.9967198309365236
Eu Os,0.9978665637199604
Eu P,0.9974353572210283
Eu Pa,0.9966252695039208
Eu Pb,0.9976785848762104
Eu Pd,0.9979249088580561
Eu Pm,0.9953635703477643
Eu Pr,0.998832763383519
Eu Pt,0.9987418910619011
Eu Pu,0.99799230730676
Eu Rb,0.9976707571067491
Eu Re,0.9987303057685718
Eu Rh,0.9987284260964153
Eu Ru,0.9987869658300572
Eu S,0.9973583227459258
Eu Sb,0.9979647638851201
Eu Sc,0.9983164202341719
Eu Se,0.997547117936968
Eu Si,0.9980324274322955
Eu Sm,0.9986648596748945
Eu Sn,0.998565793370191
Eu Sr,0.9988355310934971
Eu Ta,0.9980913326302472
Eu Tb,0.9986306865538223
Eu Tc,0.9951199043279385
Eu Te,0.9975777824267074
Eu Th,0.9978490916143852
Eu Ti,0.9980913093520288
Eu Tl,0.9979454436260154
Eu Tm,0.9983318585074878
Eu U,0.9988938711917282
Eu V,0.9980771593522091
Eu W,0.996866329675769
Eu Y,0.9986928027347604
Eu Yb,0.9986536743058132
Eu Zn,0.997577191644875
Eu Zr,0.9979666358901218
Fe Ga,0.9984988967986121
Fe Gd,0.9976549035032003
Fe Ge,0.9989723601883995
Fe H,0.9971692939276755
Fe Hf,0.9977740801664619
Fe Hg,0.9976731661009077
Fe Ho,0.9976945838540329
Fe I,0.994342864960184
Fe In,0.9909003322020279
Fe Ir,0.9976414048726344
Fe K,0.9971898002947712
Fe La,0.9976639940266675
Fe Li,0.9976569417349731
Fe Lu,0.9963286254939012
Fe Mg,0.9990948128292153
Fe Mn,0.9986075633753707
Fe Mo,0.9980626146707449
Fe N,0.9967863303478667
Fe Na,0.9972608827167742
Fe Nb,0.99847955538828
Fe Nd,0.9977629194433424
Fe Ni,0.998257603496353
Fe Np,0.9963532354074675
Fe O,0.9967185825197294
Fe Os,0.9983813678359097
Fe P,0.9981590939131908
Fe Pa,0.9963494007121625
Fe Pb,0.9983649223353178
Fe Pd,0.997968128652115
Fe Pm,0.9964216837134728
Fe Pr,0.9979262345745186
Fe Pt,0.9980923937142315
Fe Pu,0.9963124508437984
Fe Rb,0.9980640735439595
Fe Re,0.9975187540717856
Fe Rh,0.9985715847239058
Fe Ru,0.9984074758612288
Fe S,0.9977263329822251
Fe Sb,0.9971845688619844
Fe Sc,0.9978585209319457
Fe Se,0.9972874614241853
Fe Si,0.9988847920854196
Fe Sm,0.9971377827215454
Fe Sn,0.9979485824822478
Fe Sr,0.997464465606765
Fe Ta,0.9981672856529298
Fe Tb,0.9964344054300874
Fe Tc,0.9960603718165324
Fe Te,0.9966190416527073
Fe Th,0.9981229545911933
Fe Ti,0.9989867412558062
Fe Tl,0.9981164190072647
Fe Tm,0.9979296831301412
Fe U,0.997468746809151
Fe V,0.9981937822816912
Fe W,0.9975200709239933
Fe Y,0.9976131711966866
Fe Yb,0.9980660621990385
Fe Zn,0.998557917980008
Fe Zr,0.9987040578099061
F Fe,0.997617308371631
F Ga,0.9982441335475124
F Gd,0.9959683480355075
F Ge,0.997233627935374
F H,0.9984449723546128
F Hf,0.9990542483394691
F Hg,0.9974576523281562
F Ho,0.996767231858355
F I,0.9974540024687253
F In,0.9887733753759147
F Ir,0.9968606746870422
F K,0.9971299381329317
F La,0.9966768980764642
F Li,0.997715273194738
F Lu,0.9972561107691404
F Mg,0.9977378443492798
F Mn,0.9964835253312455
F Mo,0.9964165296129832
F N,0.998895191184082
F Na,0.9981463007662174
F Nb,0.9961014996023173
F Nd,0.9978807302953641
F Ni,0.9979386226067896
F Np,0.9968988382660121
F O,0.9986675501217437
F Os,0.9968128174998039
F P,0.9993104101546266
F Pa,0.995965836593241
F Pb,0.9973934322100426
F Pd,0.9965641390480267
F Pm,0.9942190477976475
F Pr,0.9976124467204158
F Pt,0.9976514913039014
F Pu,0.9984155815886103
F Rb,0.9974597214770533
F Re,0.9980206275737074
F Rh,0.9970776024467234
F Ru,0.996436785495181
F S,0.9992487361377657
F Sb,0.9953870145941917
F Sc,0.9976365314544696
F Se,0.9961000751358257
F Si,0.9973539524193662
F Sm,0.9976651000181633
F Sn,0.9965797725705402
F Sr,0.9975722336209536
F Ta,0.9957851398044936
F Tb,0.9945173821620914
F Tc,0.9945189549249129
F Te,0.9954303025863094
F Th,0.9959265750922428
F Ti,0.9976119123251994
F Tl,0.997852785264704
F Tm,0.9967545909152528
F U,0.9980556831237146
F V,0.9984670158488291
F W,0.9982706833636973
F Y,0.9975980872079835
F Yb,0.9980985446691214
F Zn,0.9977439366741028
F Zr,0.9978160158966884
Ga Gd,0.998701913104714
Ga Ge,0.999253342647187
Ga H,0.9976298843747204
Ga Hf,0.9980292908505809
Ga Hg,0.998627537008433
Ga Ho,0.9982652178882668
Ga I,0.9957280125877858
Ga In,0.993004221998599
Ga Ir,0.9966166435885153
Ga K,0.9965021323200427
Ga La,0.9984679248565578
Ga Li,0.9982450868464068
Ga Lu,0.9980953676621018
Ga Mg,0.998840784337619
Ga Mn,0.9987562800045717
Ga Mo,0.9986412492984866
Ga N,0.9981484496093762
Ga Na,0.9985585469564148
Ga Nb,0.998167902619879
Ga Nd,0.9983992543294649
Ga Ni,0.998704411832382
Ga Np,0.9969610424017146
Ga O,0.9980168324052651
Ga Os,0.9985617145896533
Ga P,0.9987863937381894
Ga Pa,0.9969023296780053
Ga Pb,0.9987650916010296
Ga Pd,0.9977200981118299
Ga Pm,0.9951978254697134
Ga Pr,0.9986868169734102
Ga Pt,0.9989453529252379
Ga Pu,0.9974947686148972
Ga Rb,0.9983946207773021
Ga Re,0.9983885889668411
Ga Rh,0.9987683769796355
Ga Ru,0.9980780421687727
Ga S,0.9985257597927562
Ga Sb,0.9982682298663077
Ga Sc,0.9984873055337321
Ga Se,0.9981275059708483
Ga Si,0.9988455856273014
Ga Sm,0.9978798502871647
Ga Sn,0.9989320846232869
Ga Sr,0.9986153115164857
Ga Ta,0.9983968387179338
Ga Tb,0.9973971546346376
Ga Tc,0.995845236103478
Ga Te,0.9978741296565206
Ga Th,0.9979394150121479
Ga Ti,0.9991789471762582
Ga Tl,0.9986425905924698
Ga Tm,0.9977873139427187
Ga U,0.9980987466210758
Ga V,0.999043436501448
Ga W,0.9983697641001147
Ga Y,0.9987903089875091
Ga Yb,0.9979408536979889
Ga Zn,0.999030793507576
Ga Zr,0.998766945206372
Gd Ge,0.9981768063479689
Gd H,0.9961560391619646
Gd Hf,0.9975071476353139
Gd Hg,0.9974317531520397
Gd Ho,0.9985267572800282
Gd I,0.9927364612682293
Gd In,0.9914272480205818
Gd Ir,0.9963907422020687
Gd K,0.9966381649527314
Gd La,0.9976748615761584
Gd Li,0.9969411978987481
Gd Lu,0.9981696186065603
Gd Mg,0.9990219179068252
Gd Mn,0.9989144660978049
Gd Mo,0.9979808622924033
Gd N,0.9957521250024484
Gd Na,0.9972448439033507
Gd Nb,0.9980432265036194
Gd Nd,0.9988126238752942
Gd Ni,0.997297953094211
Gd Np,0.9962805200161318
Gd O,0.996044562214249
Gd Os,0.9982418862286078
Gd P,0.9970228180254472
Gd Pa,0.9959414378870703
Gd Pb,0.9978616305569145
Gd Pd,0.9989841195127985
Gd Pm,0.9957583763892667
Gd Pr,0.998342631128572
Gd Pt,0.9977925348334651
Gd Pu,0.9966045584143041
Gd Rb,0.9978900907145052
Gd Re,0.9981216366804345
Gd Rh,0.9979871005748372
Gd Ru,0.9973757018304035
Gd S,0.9963526934991602
Gd Sb,0.996956163171052
Gd Sc,0.9983695154262728
Gd Se,0.9974530427740653
Gd Si,0.9979418844594588
Gd Sm,0.998558045439101
Gd Sn,0.998334367783687
Gd Sr,0.9986413889392552
Gd Ta,0.9980117479771164
Gd Tb,0.9984014915447045
Gd Tc,0.9971408664656366
Gd Te,0.9970641753156867
Gd Th,0.9985484438782066
Gd Ti,0.9981618219826591
Gd Tl,0.998644156717905
Gd Tm,0.99806363150669
Gd U,0.9981380876657341
Gd V,0.998047192737094
Gd W,0.997083046543548
Gd Y,0.9985605463535021
Gd Yb,0.9984969278919219
Gd Zn,0.9983695843292941
Gd Zr,0.9988411695841415
Ge H,0.9971297780014704
Ge Hf,0.9981634755458926
Ge Hg,0.998313276759087
Ge Ho,0.9969615528854261
Ge I,0.994773629477826
Ge In,0.9933350778085099
Ge Ir,0.997694140879057
Ge K,0.9970447217082614
Ge La,0.997628672656073
Ge Li,0.9985677730029346
Ge Lu,0.9978183911296548
Ge Mg,0.9986315721453529
Ge Mn,0.997734156026836
Ge Mo,0.9978808068732707
Ge N,0.9973892792505143
Ge Na,0.997383891167966
Ge Nb,0.997578863289587
Ge Nd,0.9973014599889385
Ge Ni,0.9983282510179725
Ge Np,0.9953865676429119
Ge O,0.9975175030460731
Ge Os,0.9983655649964299
Ge P,0.9982581015547651
Ge Pa,0.9946742439116892
Ge Pb,0.9982579564529487
Ge Pd,0.9980848069070549
Ge Pm,0.9946095515614042
Ge Pr,0.9972403593015429
Ge Pt,0.9983348424229328
Ge Pu,0.9971221959495582
Ge Rb,0.9984305061201768
Ge Re,0.9978376341249862
Ge Rh,0.9985310700296018
Ge Ru,0.9987251088504348
Ge S,0.9981842449940495
Ge Sb,0.9981357573177411
Ge Sc,0.9970154840801576
Ge Se,0.99878707903193
Ge Si,0.9992439554170889
Ge Sm,0.9970498117707023
Ge Sn,0.9984647041389509
Ge Sr,0.9979388618065856
Ge Ta,0.9970916628868083
Ge Tb,0.9966417547079353
Ge Tc,0.9954552990995216
Ge Te,0.9980821709274517
Ge Th,0.9976159254524338
Ge Ti,0.998922932142998
Ge Tl,0.9979353157888882
Ge Tm,0.9962985741264656
Ge U,0.998154324308941
Ge V,0.9982982133858924
Ge W,0.9975926317519905
Ge Y,0.9982574512713147
Ge Yb,0.9979125315187045
Ge Zn,0.9985530388560656
Ge Zr,0.9990475298553001
Hf Hg,0.9981570452907971
Hf Ho,0.998328144204923
Hf I,0.9960204443911236
Hf In,0.9890958544302083
Hf Ir,0.9970905669207496
Hf K,0.9972592443523783
Hf La,0.9980119350364042
Hf Li,0.9988272636149357
Hf Lu,0.9976940457602473
Hf Mg,0.998275203947463
Hf Mn,0.9975045778967061
Hf Mo,0.9981051301969341
Hf N,0.9978243828566485
Hf Na,0.998598511962818
Hf Nb,0.9970606983554577
Hf Nd,0.9983049444116134
Hf Ni,0.9982867577824931
Hf Np,0.9974306270127808
Hf O,0.9981434380066855
Hf Os,0.9978397330830949
Hf P,0.9986083999669653
Hf Pa,0.9961082140470574
Hf Pb,0.9984019888928469
Hf Pd,0.9982831865285698
Hf Pm,0.9954100630404031
Hf Pr,0.997736595508039
Hf Pt,0.9981590116770906
Hf Pu,0.9986111249862356
Hf Rb,0.9980566194357356
Hf Re,0.9976010044382972
Hf Rh,0.9979004042234304
Hf Ru,0.9969395486505137
Hf S,0.9983374197877155
Hf Sb,0.9963486145301537
Hf Sc,0.9980701619068937
Hf Se,0.9965789903427519
Hf Si,0.9984015954554615
Hf Sm,0.99841876965838
Hf Sn,0.9974743521573702
Hf Sr,0.9981767171653195
Hf Ta,0.997396363185234
Hf Tb,0.9968801242065886
Hf Tc,0.9964748880668496
Hf Te,0.9971806592848811
Hf Th,0.9982879087519642
Hf Ti,0.998765246498513
Hf Tl,0.9982456968276645
Hf Tm,0.9981937043117011
Hf U,0.9978130864375863
Hf V,0.9983458966487511
Hf W,0.9980030234394007
Hf Y,0.9979532382433852
Hf Yb,0.9987204951788117
Hf Zn,0.9975589178671734
Hf Zr,0.9992334400313437
Hg Ho,0.9974431718486624
Hg I,0.9965640071045896
Hg In,0.9907814871231672
Hg Ir,0.9975501639022414
Hg K,0.9958095096676839
Hg La,0.9968987218595047
Hg Li,0.9973636175624634
Hg Lu,0.9965128614058505
Hg Mg,0.998478568043361
Hg Mn,0.9972760677210348
Hg Mo,0.9984727868806007
Hg N,0.9972620892017274
Hg Na,0.9985413478377225
Hg Nb,0.9961798696349697
Hg Nd,0.9970795670069041
Hg Ni,0.9980629789685928
Hg Np,0.9952268934547075
Hg O,0.9974792379105942
Hg Os,0.9971957954581792
Hg P,0.9979467118134645
Hg Pa,0.9951664664355898
Hg Pb,0.9987060900212673
Hg Pd,0.9975394394112449
Hg Pm,0.9948036336597232
Hg Pr,0.9964860306962733
Hg Pt,0.9972633669655517
Hg Pu,0.9973353195487488
Hg Rb,0.9980455408097718
Hg Re,0.9968934568358315
Hg Rh,0.9969890797410206
Hg Ru,0.9967413920440976
Hg S,0.9980028090226982
Hg Sb,0.9975491829803427
Hg Sc,0.9962033722941932
Hg Se,0.998050210581094
Hg Si,0.9975236102652234
Hg Sm,0.9973767710302297
Hg Sn,0.9973701878966039
Hg Sr,0.9972760630366793
Hg Ta,0.9959146437001944
Hg Tb,0.9962486180614517
Hg Tc,0.9956544532501602
Hg Te,0.9962993678395808
Hg Th,0.9978157196436158
Hg Ti,0.9976001737311988
Hg Tl,0.9981507370309041
Hg Tm,0.9961953950178666
Hg U,0.9975012211711001
Hg V,0.9980268119156311
Hg W,0.9976250314847482
Hg Y,0.9977733733147247
Hg Yb,0.997303333127167
Hg Zn,0.9980664517390341
Hg Zr,0.9968939765543591
H Hf,0.9985691476049303
H Hg,0.9984321457949037
H Ho,0.9977774160992193
H I,0.9967045970318932
H In,0.9894754695489216
H Ir,0.9966751024955625
H K,0.9966647436286005
H La,0.9962191042473282
H Li,0.9982357001205422
H Lu,0.9966905022879635
H Mg,0.9977745252362693
H Mn,0.9966838882451033
H Mo,0.9973255632194733
H N,0.9984587130829101
H Na,0.998372827487353
H Nb,0.9958500169604524
H Nd,0.9969640176971946
H Ni,0.9976368096535737
H Np,0.995104295846716
H O,0.9984803440209024
Ho I,0.9932506682470622
Ho In,0.991191407817601
Ho Ir,0.9972756865431626
Ho K,0.9971119930179664
Ho La,0.9981943365281812
Ho Li,0.9974633324607691
Ho Lu,0.9979426687493159
Ho Mg,0.9983227857544626
Ho Mn,0.9976977075021252
Ho Mo,0.9974226372122355
Ho N,0.9960572452226334
Ho Na,0.9979127798325159
Ho Nb,0.9979718769383188
Ho Nd,0.998003297893619
Ho Ni,0.9964365889085489
Ho Np,0.9962476297688466
Ho O,0.9967835302519792
Ho Os,0.9981733584049097
Ho P,0.9969736416012931
Ho Pa,0.9966046070770421
Ho Pb,0.99756735959728
Ho Pd,0.9979156937525897
Ho Pm,0.9963533615370153
Ho Pr,0.9983900039560399
Ho Pt,0.9972945993941855
Ho Pu,0.9966682808483802
Ho Rb,0.9979757599701002
Ho Re,0.9977657968932211
Ho Rh,0.9973609106580026
Ho Ru,0.9970257668282222
Ho S,0.9973469696121822
H Os,0.9964133850411363
Ho Sb,0.9975015653681143
Ho Sc,0.9986840961603216
Ho Se,0.9969082239572874
Ho Si,0.9972315075315673
Ho Sm,0.9981193480261119
Ho Sn,0.9973633419142647
Ho Sr,0.9980393336421782
Ho Ta,0.9981321260900937
Ho Tb,0.9990030688562426
Ho Tc,0.9976513620218063
Ho Te,0.9975397865965336
Ho Th,0.998796841934244
Ho Ti,0.9976451416656339
Ho Tl,0.9986409648250285
Ho Tm,0.9979112418387769
Ho U,0.9982666195333988
Ho V,0.9978156291944058
Ho W,0.9963517048323411
Ho Y,0.9976936198596701
Ho Yb,0.9984588859476251
Ho Zn,0.9971709360383225
Ho Zr,0.9981365114549855
H P,0.9984000976726071
H Pa,0.9956669601986654
H Pb,0.9973507020542504
H Pd,0.9970299269292652
H Pm,0.993642889812838
H Pr,0.9970965907697115
H Pt,0.9968907893749208
H Pu,0.9973045291277067
H Rb,0.9976635825269815
H Re,0.9973601385025836
H Rh,0.9961809615330487
H Ru,0.9956255686008861
H S,0.9983981763374511
H Sb,0.995514591272016
H Sc,0.9969601562954249
H Se,0.9969484588935045
H Si,0.998126884360961
H Sm,0.9973277903054737
H Sn,0.9958094253817286
H Sr,0.9971521639250873
H Ta,0.9954724096406242
H Tb,0.9945652105626995
H Tc,0.9945779838217942
H Te,0.9951314541808085
H Th,0.9964710138198123
H Ti,0.9977351891399876
H Tl,0.9975408024401559
H Tm,0.9965923660462328
H U,0.9971647622749209
H V,0.9981367741214302
H W,0.9979268163791365
H Y,0.9975264363455262
H Yb,0.9972518385943593
H Zn,0.9967920834208845
H Zr,0.9978780156150298
I In,0.9875749434147453
I Ir,0.9964472492238823
I K,0.9946574098611877
I La,0.9924660868994409
I Li,0.9961207064596946
I Lu,0.9946460160603267
I Mg,0.9963049526965844
I Mn,0.993513404790011
I Mo,0.9950908415059688
I N,0.9966030535874786
I Na,0.995563338675829
I Nb,0.9925811906493178
I Nd,0.9943583632352472
I Ni,0.9968521600879758
In Ir,0.9911528625064866
In K,0.991913190199121
In La,0.989100122588943
In Li,0.991125984630383
In Lu,0.9905717214804128
In Mg,0.991468611589844
In Mn,0.99292203904128
In Mo,0.9911257518942259
In N,0.9903701537008577
In Na,0.9899868091917011
In Nb,0.99233506743179
In Nd,0.9911172065763982
In Ni,0.9906725347282729
In Np,0.9882322427552857
In O,0.9891148021774832
In Os,0.9894191908790434
In P,0.9909970398057438
I Np,0.9925948598193126
In Pa,0.98957800890128
In Pb,0.9917482612069
In Pd,0.9915896156943724
In Pm,0.992634075266287
In Pr,0.9900147827584864
In Pt,0.9915184202599839
In Pu,0.9875166160699844
In Rb,0.9906089194905582
In Re,0.9917978009169939
In Rh,0.9917832388921664
In Ru,0.992505771364396
In S,0.9908685890426553
In Sb,0.993989801430504
In Sc,0.9908878286511699
In Se,0.9927618247377973
In Si,0.991481326175274
In Sm,0.9906537431645279
In Sn,0.992963912436192
In Sr,0.9909843702345297
In Ta,0.9912997079807788
In Tb,0.992154101136243
In Tc,0.9927748668920336
In Te,0.9911999570597473
In Th,0.9929743706182854
In Ti,0.9922346481941499
In Tl,0.9911878083958585
In Tm,0.9895130563357151
In U,0.9903772107300237
In V,0.990318232273865
In W,0.9897939229995752
In Y,0.9910702332096073
In Yb,0.9905595582520536
In Zn,0.9920998876535616
In Zr,0.9923455592371198
I O,0.9973501566294578
I Os,0.9951798757520849
I P,0.9962001917030162
I Pa,0.9959543855197747
I Pb,0.994779438874612
I Pd,0.993946439252404
I Pm,0.9920719497263358
I Pr,0.9931212483288522
I Pt,0.9934443012337493
I Pu,0.996281466592921
I Rb,0.9957139975479617
I Re,0.9939334724194395
I Rh,0.9937085036875829
Ir K,0.9978538482453915
Ir La,0.9957027572188093
Ir Li,0.9961022428134424
Ir Lu,0.9959886253519972
Ir Mg,0.99726613658711
Ir Mn,0.9967386691313317
Ir Mo,0.9968486836860809
Ir N,0.9969135147883099
Ir Na,0.9952145156651677
Ir Nb,0.9968715765925982
Ir Nd,0.9969926032056049
Ir Ni,0.9965220427643044
Ir Np,0.9949839547914197
Ir O,0.9961150506629053
Ir Os,0.9984442104766236
Ir P,0.9965555249601097
Ir Pa,0.9966747364945316
Ir Pb,0.9955200039727192
Ir Pd,0.9967951991952158
Ir Pm,0.9968294375693829
Ir Pr,0.9961966547869374
Ir Pt,0.9969454795029817
Ir Pu,0.9952480718396294
Ir Rb,0.9982902196481529
Ir Re,0.9973472867916332
Ir Rh,0.9980782086836318
Ir Ru,0.9974665397803627
Ir S,0.9972403646610183
Ir Sb,0.9958051990802953
Ir Sc,0.9972846479032454
Ir Se,0.9961058154506076
Ir Si,0.9975213673841727
Ir Sm,0.9961275098684145
Ir Sn,0.9967436312049989
Ir Sr,0.9965630010328422
Ir Ta,0.9961192385366147
Ir Tb,0.9968869385212841
Ir Tc,0.9969151694647068
Ir Te,0.9934760772997825
Ir Th,0.9976017713690687
Ir Ti,0.9976998391699331
Ir Tl,0.99745860626075
Ir Tm,0.9976644474836754
Ir U,0.9964336781786882
I Ru,0.9920551068106026
Ir V,0.9977728236062211
Ir W,0.9975841021452106
Ir Y,0.9967458262158871
Ir Yb,0.9983208069346248
Ir Zn,0.9968652578835309
Ir Zr,0.9973469140265918
I S,0.9964617205359103
I Sb,0.9903186409593769
I Sc,0.9937216171556409
I Se,0.9950156138678152
I Si,0.9967459042227409
I Sm,0.9953689495109096
I Sn,0.993188531662402
I Sr,0.9936987197016287
I Ta,0.9922182713977259
I Tb,0.9903857660387587
I Tc,0.9929837521234103
I Te,0.992747038269383
I Th,0.9928006169109298
I Ti,0.9964320119707861
I Tl,0.9954367257666568
I Tm,0.9934466569666642
I U,0.9950680788972686
I V,0.9962475152342822
I W,0.9974788541704642
I Y,0.9950702340825247
I Yb,0.995096006808522
I Zn,0.9951895902380933
I Zr,0.9945723884079112
K La,0.9960428561187447
K Li,0.9981006165846957
K Lu,0.995563566618528
K Mg,0.9979231522021209
K Mn,0.9972328457794497
K Mo,0.9958274273962212
K N,0.9976615481020181
K Na,0.998169970266642
K Nb,0.9975415818706512
K Nd,0.9970032222267861
K Ni,0.996168299271244
K Np,0.9953548552739218
K O,0.996048106530818
K Os,0.9965788939795692
K P,0.9973590472559651
K Pa,0.9963305179648825
K Pb,0.9965531348955862
K Pd,0.9963511186998004
K Pm,0.9967152605144102
K Pr,0.9964852195609295
K Pt,0.9969029899182754
K Pu,0.9954409746326788
K Rb,0.998207015922292
K Re,0.9965075835507358
K Rh,0.996877063826989
K Ru,0.9959504997030915
K S,0.9969686228965531
K Sb,0.9951394301482263
K Sc,0.9970624342826298
K Se,0.9950532658668446
K Si,0.9970778153732583
K Sm,0.9952955794820771
K Sn,0.9962096927706288
K Sr,0.9963003169917756
K Ta,0.9976176168266294
K Tb,0.9965458266104753
K Tc,0.9978909973585576
K Te,0.9951883928474063
K Th,0.9966599536110782
K Ti,0.997230994999662
K Tl,0.9972513083588876
K Tm,0.9967251472544431
K U,0.9966101975861662
K V,0.9978625799500634
K W,0.9966419711638272
K Y,0.9964467765440905
K Yb,0.9973096971644051
K Zn,0.9964332314162188
K Zr,0.9973028859298612
La Li,0.9981932702511047
La Lu,0.9972641707479588
La Mg,0.9983917916224171
La Mn,0.9973609371233884
La Mo,0.9976714060034162
La N,0.9960067809354
La Na,0.9980161036052252
La Nb,0.9978284785864617
La Nd,0.998431364615231
La Ni,0.9976268716489526
La Np,0.9960307239866416
La O,0.9966142736832221
La Os,0.9971146111675321
La P,0.9976067396403177
La Pa,0.9962086817515624
La Pb,0.9983953136050315
La Pd,0.9973274593603078
La Pm,0.9945507188163263
La Pr,0.9989783317917904
La Pt,0.9978002534759107
La Pu,0.9978041630102784
La Rb,0.9973175537654426
La Re,0.9980436554954784
La Rh,0.996899448921831
La Ru,0.9971246356168093
La S,0.9970115260296605
La Sb,0.9968938307665645
La Sc,0.9982046455712408
La Se,0.9974393417526453
La Si,0.997831759156397
La Sm,0.9984084291838573
La Sn,0.9978112758856524
La Sr,0.9976719809403921
La Ta,0.9979766390810859
La Tb,0.9967172455262346
La Tc,0.9952270995895837
La Te,0.9970443356198398
La Th,0.9976986134332266
La Ti,0.9986198264888924
La Tl,0.9977105779131087
La Tm,0.9974274752065494
La U,0.9982221549378719
La V,0.9974828792423673
La W,0.9967484092063981
La Y,0.9972393559451652
La Yb,0.9975814679463827
La Zn,0.9975095644926989
La Zr,0.9981848683045154
Li Lu,0.9978354884313064
Li Mg,0.9987614914907917
Li Mn,0.9970835744703065
Li Mo,0.997899620917003
Li N,0.9973604598554888
Li Na,0.9990090276901504
Li Nb,0.997349169653454
Li Nd,0.9974520156192219
Li Ni,0.9981984816692642
Li Np,0.9962528039821485
Li O,0.9975701779636341
Li Os,0.9979691186330799
Li P,0.9984437147108652
Li Pa,0.9950310361056204
Li Pb,0.9981711960074147
Li Pd,0.9977699081626085
Li Pm,0.9940150519150879
Li Pr,0.9975494149729989
Li Pt,0.997718437474273
Li Pu,0.9978034328849518
Li Rb,0.9987658727484139
Li Re,0.9973568031576594
Li Rh,0.9964711594680294
Li Ru,0.9966779912237094
Li S,0.9982776638123104
Li Sb,0.9956149570273292
Li Sc,0.9982078038408317
Li Se,0.9980908743437791
Li Si,0.9990059933678332
Li Sm,0.997355174537862
Li Sn,0.9979425636378623
Li Sr,0.9980936283289703
Li Ta,0.9969079418336819
Li Tb,0.9937697453992647
Li Tc,0.994512857939161
Li Te,0.9971735880594348
Li Th,0.9969890350278089
Li Ti,0.9988237356825304
Li Tl,0.9986466695818089
Li Tm,0.9968761131856119
Li U,0.9980473261344535
Li V,0.9982654274231542
Li W,0.9977784487893238
Li Y,0.9975904937236569
Li Yb,0.9977889197167074
Li Zn,0.9979023121033149
Li Zr,0.9987750934750209
Lu Mg,0.9973168848786831
Lu Mn,0.9972712241264033
Lu Mo,0.9972634817162249
Lu N,0.9962278114330836
Lu Na,0.9967000603487376
Lu Nb,0.9970250238730498
Lu Nd,0.9986574165117419
Lu Ni,0.9981767211340239
Lu Np,0.9974552526789525
Lu O,0.9969170055200524
Lu Os,0.9984500409508567
Lu P,0.9976136932044094
Lu Pa,0.9963718457511356
Lu Pb,0.9971245286370379
Lu Pd,0.9976712057046329
Lu Pm,0.9944490988764797
Lu Pr,0.9977713556311526
Lu Pt,0.9976945937643105
Lu Pu,0.9983483228501508
Lu Rb,0.9974100081780225
Lu Re,0.9987015350990074
Lu Rh,0.9978027632615273
Lu Ru,0.9982820918190947
Lu S,0.9974323420775286
Lu Sb,0.9960632827667956
Lu Sc,0.9981822294042022
Lu Se,0.9973787186011801
Lu Si,0.9977471170321663
Lu Sm,0.9990390158502039
Lu Sn,0.9980416025687376
Lu Sr,0.9986530961321829
Lu Ta,0.9966557416487706
Lu Tb,0.9972516356281366
Lu Tc,0.9957795155391062
Lu Te,0.9981777590295525
Lu Th,0.9976568926939304
Lu Ti,0.9978176138307747
Lu Tl,0.9981026473358157
Lu Tm,0.997101507974277
Lu U,0.9984657200886592
Lu V,0.9972643403701221
Lu W,0.9966940758839483
Lu Y,0.9989916698150856
Lu Yb,0.9979672572644562
Lu Zn,0.9974248819184447
Lu Zr,0.9981686597846915
Mg Mn,0.9991760820456919
Mg Mo,0.9990166450324772
Mg N,0.9979592435058688
Mg Na,0.9990893598069057
Mg Nb,0.9985131403614497
Mg Nd,0.9987169272806198
Mg Ni,0.998596450580463
Mg Np,0.9966528406273687
Mg O,0.9979931546261177
Mg Os,0.9983106994550899
Mg P,0.9983451496530855
Mg Pa,0.9967953223419358
Mg Pb,0.9990773490819419
Mg Pd,0.9984208214853634
Mg Pm,0.9961861451547491
Mg Pr,0.9985846758171204
Mg Pt,0.9981180844212059
Mg Pu,0.9974712883837422
Mg Rb,0.9989333693712256
Mg Re,0.9981087076237602
Mg Rh,0.9982929393794626
Mg Ru,0.9972920635913414
Mg S,0.997710627858228
Mg Sb,0.9979859364086
Mg Sc,0.998436229460671
Mg Se,0.9977647119298997
Mg Si,0.9988986234328302
Mg Sm,0.9981067405134074
Mg Sn,0.9985861356460448
Mg Sr,0.9986821976276989
Mg Ta,0.9980332924970248
Mg Tb,0.997778402870878
Mg Tc,0.9964613161487746
Mg Te,0.9968908232895333
Mg Th,0.9976766996420622
Mg Ti,0.998950064988504
Mg Tl,0.9980881792673238
Mg Tm,0.9983269780281439
Mg U,0.9979327721285274
Mg V,0.9984226229468431
Mg W,0.9975943644309706
Mg Y,0.9985116380534722
Mg Yb,0.99844246253739
Mg Zn,0.9991285131725542
Mg Zr,0.9990460020292888
Mn Mo,0.9984469792045529
Mn N,0.9973750033450441
Mn Na,0.9980927173779209
Mn Nb,0.9987891577322975
Mn Nd,0.998705017597526
Mn Ni,0.9986513354805258
Mn Np,0.9972467264348888
Mn O,0.9969968753236887
Mn Os,0.9985814362017972
Mn P,0.9979534162122073
Mn Pa,0.996134849578145
Mn Pb,0.9979088407068877
Mn Pd,0.9988943715393033
Mn Pm,0.9962667236158109
Mn Pr,0.9983472937305932
Mn Pt,0.9987168147132693
Mn Pu,0.9964776136808509
Mn Rb,0.9980795292395886
Mn Re,0.9978760223471437
Mn Rh,0.9988577712953902
Mn Ru,0.9982458196786042
Mn S,0.9976427524980129
Mn Sb,0.9980278416670539
Mn Sc,0.9981291453380101
Mn Se,0.9968738637828504
Mn Si,0.9982102789959716
Mn Sm,0.9977082806738676
Mn Sn,0.999304259811057
Mn Sr,0.9986782049782706
Mn Ta,0.9983575487536488
Mn Tb,0.9977196457660104
Mn Tc,0.9962525752204259
Mn Te,0.9967009020756453
Mn Th,0.9969410983374317
Mn Ti,0.9984172417112387
Mn Tl,0.998110733917598
Mn Tm,0.9988362935009275
Mn U,0.9970166281997631
Mn V,0.9985302232662081
Mn W,0.9972360282593355
Mn Y,0.9979938662322677
Mn Yb,0.9974693625749727
Mn Zn,0.9993407623166818
Mn Zr,0.9988473164519474
Mo N,0.9966240486042185
Mo Na,0.9977418749424305
Mo Nb,0.9973679396454592
Mo Nd,0.9980850906931815
Mo Ni,0.9990166548530955
Mo Np,0.9960998394196485
Mo O,0.9977871709048437
Mo Os,0.9987345617631481
Mo P,0.9979644199144508
Mo Pa,0.9970180528132521
Mo Pb,0.9984665092607529
Mo Pd,0.9986520243571657
Mo Pm,0.994706597506732
Mo Pr,0.9970700861974431
Mo Pt,0.9976952300922874
Mo Pu,0.9968228455927605
Mo Rb,0.9980197548863032
Mo Re,0.9973225471925773
Mo Rh,0.9978249150845063
Mo Ru,0.9975997170887068
Mo S,0.9979138352419851
Mo Sb,0.9962965186185728
Mo Sc,0.9982467316064677
Mo Se,0.9983396514619494
Mo Si,0.9987597545652359
Mo Sm,0.9982863982751059
Mo Sn,0.9980704554060909
Mo Sr,0.9983611686083119
Mo Ta,0.9973263158320191
Mo Tb,0.9967481396161676
Mo Tc,0.9953646510872296
Mo Te,0.9964314456971146
Mo Th,0.9981069595344156
Mo Ti,0.9986743591246425
Mo Tl,0.9980225783236341
Mo Tm,0.997873082608184
Mo U,0.9977041022428857
Mo V,0.9986033280653686
Mo W,0.9983398951420435
Mo Y,0.9985532065715499
Mo Yb,0.9979786976427065
Mo Zn,0.9987278448743822
Mo Zr,0.9989760002604903
Na Nb,0.9975112046307772
Na Nd,0.9983887235685222
Na Ni,0.998078064079055
Na Np,0.9973823122226644
Na O,0.9978067667146158
Na Os,0.9980890309010045
Na P,0.9986275448668346
Na Pa,0.9974953802312323
Na Pb,0.9985703643743455
Na Pd,0.997440611673281
Na Pm,0.9934333435443963
Na Pr,0.9979755301316271
Na Pt,0.9975965276532163
Na Pu,0.9979897761150203
Na Rb,0.9989769056288589
Na Re,0.9978246190635962
Na Rh,0.9973754799417875
Na Ru,0.9952101922560841
Na S,0.9985000627657674
Na Sb,0.9961115158375704
Na Sc,0.9981519961382019
Na Se,0.9971866303996243
Na Si,0.9981822519490102
Na Sm,0.9977948623868185
Na Sn,0.9977800231477092
Na Sr,0.9981302369509808
Na Ta,0.9977081090156733
Na Tb,0.99485623872563
Na Tc,0.9947651224614529
Na Te,0.9968378528874884
Na Th,0.9969284589599617
Na Ti,0.9977640782076297
Na Tl,0.9984603876349375
Na Tm,0.9967996956909455
Na U,0.998222007350276
Na V,0.9988608020899411
Na W,0.997956138855747
Na Y,0.9977586850084686
Na Yb,0.998306418856205
Na Zn,0.9982089068766442
Na Zr,0.9981560391203523
Nb Nd,0.9980215937992128
Nb Ni,0.9974684942269187
Nb Np,0.9963244141736641
Nb O,0.9960955793933882
Nb Os,0.9974427464043151
Nb P,0.9969638659688477
Nb Pa,0.9966101250431831
Nb Pb,0.9980255777043512
Nb Pd,0.997515208704717
Nb Pm,0.9968271956976603
Nb Pr,0.9979504144483844
Nb Pt,0.9978442581777708
Nb Pu,0.9959174207000508
Nb Rb,0.997916396312218
Nb Re,0.9976107781372535
Nb Rh,0.9982190462045051
Nb Ru,0.9983044305559368
Nb S,0.99648292490801
Nb Sb,0.998616679686734
Nb Sc,0.9984139280675773
Nb Se,0.9972175646605688
Nb Si,0.997605738327671
Nb Sm,0.9973042466324029
Nb Sn,0.9987229578199064
Nb Sr,0.998202087432161
Nb Ta,0.9992711613004943
Nb Tb,0.9984104820284458
Nb Tc,0.997663066973494
Nb Te,0.9967395199992484
Nb Th,0.9983095634243887
Nb Ti,0.9982742834650437
Nb Tl,0.9982148253698726
Nb Tm,0.9980233181363667
Nb U,0.9978116008892186
Nb V,0.998101085225676
Nb W,0.9965471036988142
Nb Y,0.9977013817154579
Nb Yb,0.9975335918464642
Nb Zn,0.9976746583034106
Nb Zr,0.9981467662562983
Nd Ni,0.9980957514583523
Nd Np,0.9980941775929966
Nd O,0.997561346361195
Nd Os,0.9986399627766639
Nd P,0.998384969269563
Nd Pa,0.9960612530077957
Nd Pb,0.9977930099483654
Nd Pd,0.9984518256493493
Nd Pm,0.9950872427877377
Nd Pr,0.9987798817076471
Nd Pt,0.9983714675927393
Nd Pu,0.9981769314117599
Nd Rb,0.9984548948654934
Nd Re,0.9988516299370465
Nd Rh,0.9982893100441117
Nd Ru,0.9980603992576038
Nd S,0.9980345334386281
Nd Sb,0.9967487047071416
Nd Sc,0.9987903970167992
Nd Se,0.997483449480178
Nd Si,0.9980259967775486
Nd Sm,0.9988755590989267
Nd Sn,0.99834574874543
Nd Sr,0.9982939587708235
Nd Ta,0.9977765574762292
Nd Tb,0.99670424374865
Nd Tc,0.9965154237179047
Nd Te,0.9976113094825334
Nd Th,0.9978839556576795
Nd Ti,0.998614348193136
Nd Tl,0.9977028776085128
Nd Tm,0.9984868885772297
Nd U,0.9986229364059449
Nd V,0.9982284681628807
Nd W,0.9973791755055806
Nd Y,0.9983872591718774
Nd Yb,0.9986561340792048
Nd Zn,0.9985184124487412
Nd Zr,0.9986871154854996
Ni Np,0.9972033529967381
Ni O,0.9980925771424775
Ni Os,0.9977170710661342
Ni P,0.998702639244098
Ni Pa,0.9971380989953554
Ni Pb,0.998278221904473
Ni Pd,0.9987712890178815
Ni Pm,0.9942333707748339
Ni Pr,0.9971600052176246
Ni Pt,0.9989780466089533
Ni Pu,0.9983477102122573
Ni Rb,0.9980956111396825
Ni Re,0.9976450820888985
Ni Rh,0.9979420595070847
Ni Ru,0.997625127896709
Ni S,0.998510662635423
Ni Sb,0.9958151129536916
Ni Sc,0.9977432634325085
Ni Se,0.9976897980543745
Ni Si,0.9987425140743421
Ni Sm,0.998333654474441
Ni Sn,0.9985375006963907
Ni Sr,0.9982901504021787
Ni Ta,0.9972956466312864
Ni Tb,0.9967162849845236
Ni Tc,0.9955091774089395
Ni Te,0.9977599803198087
Ni Th,0.9975970179819317
Ni Ti,0.9990373359996929
Ni Tl,0.9980628936801104
Ni Tm,0.9972183346908863
Ni U,0.9977048078692712
Ni V,0.9987794362831351
Ni W,0.9990136405920023
Ni Y,0.9986467079153984
Ni Yb,0.9973194301481084
Ni Zn,0.9993358421405828
Ni Zr,0.9990824556588825
N Na,0.9988803252335904
N Nb,0.9973221905335894
N Nd,0.9979623157559951
N Ni,0.9979189367199273
N Np,0.9966398396466256
N O,0.9987553099162524
N Os,0.9965361801435488
N P,0.9991288508654766
N Pa,0.9967983198756334
N Pb,0.9969452286853733
N Pd,0.9960169883836504
N Pm,0.9938801289038858
Np O,0.9961980908137971
Np Os,0.9979628541655277
Np P,0.997495910282658
Np Pa,0.9977856026086374
Np Pb,0.9974033529601907
Np Pd,0.9980620489572041
Np Pm,0.9948543886180907
Np Pr,0.9978374086173757
Np Pt,0.9978111953077606
Np Pu,0.998692663033447
N Pr,0.9970791196641156
Np Rb,0.9970254851843451
Np Re,0.9974165297780854
Np Rh,0.9975653897773696
Np Ru,0.9967635383544136
Np S,0.9969037156562607
Np Sb,0.9944402628731799
Np Sc,0.9974321305119414
Np Se,0.9969706442977864
Np Si,0.9962264880692105
Np Sm,0.9974232279570336
Np Sn,0.9968701529772561
Np Sr,0.9977320092950133
N Pt,0.9965545119659689
Np Ta,0.9958746752753419
Np Tb,0.9949643008199385
Np Tc,0.9953939755585599
Np Te,0.9960947808948291
Np Th,0.9964490476918875
Np Ti,0.9970836708511035
Np Tl,0.9970446229511027
Np Tm,0.9972700199806532
Np U,0.9975023440526589
N Pu,0.9971171191197389
Np V,0.9972824886305086
Np W,0.9956406413789309
Np Y,0.9969933870729996
Np Yb,0.9966911262383947
Np Zn,0.9979524566793364
Np Zr,0.99721399972531
N Rb,0.9979480925181645
N Re,0.9974528674781274
N Rh,0.9969656053139783
N Ru,0.9951476078649142
N S,0.9988896041111153
N Sb,0.9952678963205741
N Sc,0.9975053243117424
N Se,0.996302340564761
N Si,0.9982380794382396
N Sm,0.9969727261546325
N Sn,0.9968602508253535
N Sr,0.9973206369680845
N Ta,0.9961566582760668
N Tb,0.9949954716420704
N Tc,0.9954708498924509
N Te,0.9951115511541072
N Th,0.9962436099932749
N Ti,0.9978320598573334
N Tl,0.9970802099808767
N Tm,0.9974106509154902
N U,0.9974251914939185
N V,0.9988747311827586
N W,0.9980351972749849
N Y,0.9977612430740357
N Yb,0.9980690337362208
N Zn,0.9974510955480554
N Zr,0.9968138168471216
O Os,0.9976235159114885
O P,0.998382178076712
O Pa,0.9972065301287321
O Pb,0.9972954850781076
O Pd,0.9959087929128925
O Pm,0.9934962177989124
O Pr,0.9960771400293642
O Pt,0.9959272850859748
O Pu,0.9976340986922083
O Rb,0.9977542621641077
O Re,0.9969598261407842
O Rh,0.9959655398552778
O Ru,0.995299555755171
O S,0.9982288448601809
O Sb,0.9938131785545932
O Sc,0.9967007213556658
O Se,0.9980175037051766
O Si,0.997950210137694
O Sm,0.9972368961922333
O Sn,0.9951116875550985
Os P,0.9973009161405806
Os Pa,0.9978640167889121
Os Pb,0.9981376417783984
Os Pd,0.9985861681833497
Os Pm,0.9965127461674652
Os Pr,0.9973634185046255
Os Pt,0.998659408457777
Os Pu,0.9981167053311766
O Sr,0.9974392297587383
Os Rb,0.9984287236397622
Os Re,0.9980973250269908
Os Rh,0.9987205980859062
Os Ru,0.9986683641115836
Os S,0.9982673187602734
Os Sb,0.997459493432742
Os Sc,0.9989097724984753
Os Se,0.9978286110190071
Os Si,0.9984307390304792
Os Sm,0.9980158363500116
Os Sn,0.9989051332807477
Os Sr,0.9983943085879695
Os Ta,0.998170874316435
Os Tb,0.9976473874392952
Os Tc,0.9960361639025235
Os Te,0.9972215544415243
Os Th,0.9982970907194548
Os Ti,0.9987852910680451
Os Tl,0.9985478675426064
Os Tm,0.998491590686333
Os U,0.9982054071367307
Os V,0.9985863484423811
Os W,0.9984404562597582
Os Y,0.9987036052479338
Os Yb,0.9984429103992344
Os Zn,0.9983060165137176
Os Zr,0.9987997122011804
O Ta,0.9948499905815291
O Tb,0.9939796093452871
O Tc,0.9944179731133292
O Te,0.9959803195406604
O Th,0.9952205913005233
O Ti,0.997431527844933
O Tl,0.996964253463574
O Tm,0.9954682578256159
O U,0.9967998212937581
O V,0.9977172303481895
O W,0.9980554534922624
O Y,0.9972999413473081
O Yb,0.9972863767909936
O Zn,0.9973269256800948
O Zr,0.9972542694064481
Pa Pb,0.9981505518816317
Pa Pd,0.9970775481567875
Pa Pm,0.9965877467328823
Pa Pr,0.9971467434160262
Pa Pt,0.997038819757903
Pa Pu,0.9978176094638743
Pa Rb,0.996497221555726
Pa Re,0.9958183628144184
Pa Rh,0.9968434897510168
Pa Ru,0.9947059696028248
Pa S,0.997114526412263
Pa Sb,0.9947251812700935
Pa Sc,0.9970873516092179
Pa Se,0.9966195311877775
Pa Si,0.9965957291248422
Pa Sm,0.9964691596121122
Pa Sn,0.9962971039289131
Pa Sr,0.9971798749865833
Pa Ta,0.9971194171676723
Pa Tb,0.9957552777355332
Pa Tc,0.9961435456872535
Pa Te,0.9951764249315431
Pa Th,0.9964992344568109
Pa Ti,0.9959495686388328
Pa Tl,0.9966072487611255
Pa Tm,0.9969575730799778
Pa U,0.9960201021975876
Pa V,0.99693270018824
Pa W,0.9969192321229304
Pa Y,0.9959561280490953
Pa Yb,0.9965911938299247
Pa Zn,0.9966564625662613
Pa Zr,0.996019073724826
Pb Pd,0.9987233380014774
Pb Pm,0.9964402330671516
Pb Pr,0.9986944495367879
Pb Pt,0.9983073327225275
Pb Pu,0.9979771232843413
Pb Rb,0.9983496664514135
Pb Re,0.9970551524827811
Pb Rh,0.99703271557374
Pb Ru,0.9970047567371667
Pb S,0.9977968193481983
Pb Sb,0.9978797203827114
Pb Sc,0.9978601716579835
Pb Se,0.9984916094120627
Pb Si,0.9987343277937727
Pb Sm,0.9979882664661716
Pb Sn,0.9985765824635353
Pb Sr,0.9984601744462371
Pb Ta,0.9978491616724298
Pb Tb,0.9972594698459555
Pb Tc,0.9964815184045994
Pb Te,0.9981114641377561
Pb Th,0.9984210729420098
Pb Ti,0.998719843417305
Pb Tl,0.9985703116660279
Pb Tm,0.9970429636873632
Pb U,0.9975832047654168
Pb V,0.9978144455064921
Pb W,0.996892435680656
Pb Y,0.9977357864056764
Pb Yb,0.9983735125138835
Pb Zn,0.998777240779357
Pb Zr,0.9987869567315772
Pd Pm,0.9954298001434864
Pd Pr,0.9980513250824519
Pd Pt,0.9992015448034867
Pd Pu,0.998291412425814
Pd Rb,0.9976971489937425
Pd Re,0.9974776669340887
Pd Rh,0.9981182741654379
Pd Ru,0.9980398211859003
Pd S,0.9979558276724809
Pd Sb,0.996300706920162
Pd Sc,0.998083495766571
Pd Se,0.9982518286932807
Pd Si,0.9983648465481475
Pd Sm,0.9981021841373872
Pd Sn,0.9989685055746262
Pd Sr,0.9983046442052358
Pd Ta,0.9976831538462397
Pd Tb,0.9972831813798352
Pd Tc,0.9964816752377629
Pd Te,0.9978384992404554
Pd Th,0.9983483731005159
Pd Ti,0.9986705525960392
Pd Tl,0.998613074039066
Pd Tm,0.9979356036943341
Pd U,0.9980521182139496
Pd V,0.9987898933244433
Pd W,0.9977348773616598
Pd Y,0.9982960656712033
Pd Yb,0.9976284646083603
Pd Zn,0.9986502211280521
Pd Zr,0.9990783388036136
Pm Pr,0.9974163791455981
Pm Pt,0.9960045882871794
Pm Pu,0.9944260438962617
Pm Rb,0.995254781001308
Pm Re,0.9956951634902431
Pm Rh,0.9966968679364036
Pm Ru,0.9953074978661592
Pm S,0.9953388703519651
Pm Sb,0.9949424724788843
Pm Sc,0.9963494034983467
Pm Se,0.994623274114407
Pm Si,0.9954967763945988
Pm Sm,0.9962176230855826
Pm Sn,0.9960891661502017
Pm Sr,0.9955737445339338
Pm Ta,0.9963997563753099
Pm Tb,0.9968393511852678
Pm Tc,0.997918479668883
Pm Te,0.9938675113707439
Pm Th,0.9970591973653119
Pm Ti,0.9954931077762883
Pm Tl,0.9964551473854466
Pm Tm,0.9971646385178702
Pm U,0.9948654327726841
Pm V,0.9945616354880833
Pm W,0.9934615424034884
Pm Y,0.9938276540776533
Pm Yb,0.9958083236476357
Pm Zn,0.9949413472156702
Pm Zr,0.9956074870485784
P Pa,0.9975916847097386
P Pb,0.9988323520085269
P Pd,0.9989852298267451
P Pm,0.9960890309677143
P Pr,0.998583411770902
P Pt,0.9988831601898274
P Pu,0.9984393864048304
P Rb,0.9977251431006284
P Re,0.9979723868144362
P Rh,0.9975247310279273
Pr Pt,0.9984710673435653
Pr Pu,0.9977013829317668
Pr Rb,0.998050222401138
Pr Re,0.998617891675747
Pr Rh,0.9977527686985757
Pr Ru,0.9975312412100032
Pr S,0.9973919664559046
Pr Sb,0.9971275324596782
Pr Sc,0.9985565232886147
Pr Se,0.9973357705289069
Pr Si,0.9977378619160543
Pr Sm,0.9984552434169656
Pr Sn,0.997601255326067
Pr Sr,0.9982018417826478
Pr Ta,0.9979449827886901
Pr Tb,0.9981115269744542
Pr Tc,0.9961944893849729
Pr Te,0.9972211657973447
Pr Th,0.9981634816023418
Pr Ti,0.9984300649738915
Pr Tl,0.998588406633218
Pr Tm,0.9985509280570725
Pr U,0.9982316273941783
P Ru,0.9976335646065219
Pr V,0.9979783830407793
Pr W,0.995978002407032
Pr Y,0.9975642013591787
Pr Yb,0.9979891844374463
Pr Zn,0.9981588721549164
Pr Zr,0.9981430511505591
P S,0.9993271660725133
P Sb,0.9964608574270358
P Sc,0.9980156608605674
P Se,0.9983981319944043
P Si,0.9989987155126371
P Sm,0.9981101194447454
P Sn,0.9982838442649483
P Sr,0.9983582714503461
P Ta,0.9970723316693676
P Tb,0.9952819289929402
P Tc,0.9957316712009651
P Te,0.9977831595118978
P Th,0.9970611707528544
P Ti,0.9987782312412002
P Tl,0.998087305512604
P Tm,0.9975369170890582
Pt Pu,0.9980333715653944
Pt Rb,0.9976247399981607
Pt Re,0.9987899012413937
Pt Rh,0.9987498298191525
Pt Ru,0.9990568943638632
Pt S,0.9982127300085842
Pt Sb,0.9975661130496292
Pt Sc,0.998633569050579
Pt Se,0.9980363622622901
Pt Si,0.9986129712261247
Pt Sm,0.998672426386974
Pt Sn,0.999171700360051
Pt Sr,0.9987346101864374
Pt Ta,0.9983373766499373
Pt Tb,0.9974844498279979
Pt Tc,0.9960508872710336
Pt Te,0.9981853525264809
Pt Th,0.9981855430184974
Pt Ti,0.9991560733484252
Pt Tl,0.9989358288879147
Pt Tm,0.998441100854213
Pt U,0.997774344922728
Pt V,0.9989679356180972
Pt W,0.9984040027671586
Pt Y,0.9985638535811635
Pt Yb,0.9980015927487591
Pt Zn,0.9987489477342913
Pt Zr,0.9990658186005867
P U,0.9984652791860233
Pu Rb,0.9973207917808877
Pu Re,0.9973828643361186
Pu Rh,0.9964180681436137
Pu Ru,0.9971400303952221
Pu S,0.9984861041793442
Pu Sb,0.9943846613506997
Pu Sc,0.9974951416515505
Pu Se,0.9969712493829526
Pu Si,0.997649574304382
Pu Sm,0.998697541588735
Pu Sn,0.996657504889398
Pu Sr,0.9978963865928482
Pu Ta,0.9958102946084147
Pu Tb,0.9957144905320932
Pu Tc,0.9953026992978158
Pu Te,0.9969025379306662
Pu Th,0.9976000958812923
Pu Ti,0.998013353358669
Pu Tl,0.9978510252791877
Pu Tm,0.9971120837773334
Pu U,0.9987742396240936
Pu V,0.9979812030479007
Pu W,0.9976027420789393
Pu Y,0.9972547872661159
Pu Yb,0.9979854935399288
Pu Zn,0.9967332546023314
Pu Zr,0.9979400856349525
P V,0.9991319443514921
P W,0.9984251211557901
P Y,0.9985759302174148
P Yb,0.99833470058003
P Zn,0.998595631612765
P Zr,0.9985348077736027
Rb Re,0.9978114380396326
Rb Rh,0.9985123984481362
Rb Ru,0.9974291952814197
Rb S,0.9976160951826819
Rb Sb,0.9980951006414809
Rb Sc,0.9980866254124219
Rb Se,0.997140648180475
Rb Si,0.9982179235777956
Rb Sm,0.9978537982757734
Rb Sn,0.9974554696766232
Rb Sr,0.9983115611010297
Rb Ta,0.9976752219243938
Rb Tb,0.99778996162442
Rb Tc,0.996245108619742
Rb Te,0.9954448731724895
Rb Th,0.9981847629752337
Rb Ti,0.998514259955117
Rb Tl,0.9984049814535355
Rb Tm,0.9973769534352406
Rb U,0.9974167888196017
Rb V,0.9978736811946
Rb W,0.9977621660665748
Rb Y,0.997431625374799
Rb Yb,0.9987955676669609
Rb Zn,0.9982530664503695
Rb Zr,0.9985193580899275
Re Rh,0.9986173536945699
Re Ru,0.9985705810467769
Re S,0.9980804137541895
Re Sb,0.9976290229507927
Re Sc,0.9986550216908335
Re Se,0.9980404869697692
Re Si,0.9978571192109056
Re Sm,0.9992403506822767
Re Sn,0.9982209557526915
Re Sr,0.9986843053387074
Re Ta,0.9973195342358253
Re Tb,0.9979068736373455
Re Tc,0.9955372193565158
Re Te,0.997843944329335
Re Th,0.9978960713795905
Re Ti,0.9980115594244776
Re Tl,0.9980414495669273
Re Tm,0.9981064939503942
Re U,0.9988747253478292
Re V,0.998489901805134
Re W,0.9972482173655488
Re Y,0.9989622631382394
Re Yb,0.9980818812243181
Re Zn,0.9978113536803905
Re Zr,0.998064173821288
Rh Ru,0.9991018219716716
Rh S,0.997588198638339
Rh Sb,0.9982430765188468
Rh Sc,0.9986763387491397
Rh Se,0.9976855008922874
Rh Si,0.9983049387173808
Rh Sm,0.9978851600034255
Rh Sn,0.9985227544955715
Rh Sr,0.9984041147811615
Rh Ta,0.9985019191928878
Rh Tb,0.9970574598854816
Rh Tc,0.9959675426181136
Rh Te,0.9962339547318918
Rh Th,0.9979221359290052
Rh Ti,0.998180847010597
Rh Tl,0.9982560224994146
Rh Tm,0.9984021841927465
Rh U,0.9972191306034741
Rh V,0.998679327263163
Rh W,0.9979039369550597
Rh Y,0.9986065842061999
Rh Yb,0.9977037990691258
Rh Zn,0.9988162329248175
Rh Zr,0.9984173823018225
Ru S,0.9971486795054583
Ru Sb,0.9978832342207464
Ru Sc,0.998339983756204
Ru Se,0.9968713606557706
Ru Si,0.9979079469588342
Ru Sm,0.9980218231442334
Ru Sn,0.9990236939395636
Ru Sr,0.9986973824597819
Ru Ta,0.9982892501871791
Ru Tb,0.9972122213617391
Ru Tc,0.9963831701670306
Ru Te,0.9979176279914947
Ru Th,0.9983855256358254
Ru Ti,0.998193224709604
Ru Tl,0.9978093123679602
Ru Tm,0.9978806201135296
Ru U,0.9978948913937631
Ru V,0.9982821831836027
Ru W,0.996984087692094
Ru Y,0.9976098214494759
Ru Yb,0.9973539064129323
Ru Zn,0.9981307655606816
Ru Zr,0.9982865964716389
Sb Sc,0.9982567278426012
Sb Se,0.9970390139400693
Sb Si,0.9970573494144183
Sb Sm,0.9974462003531744
Sb Sn,0.998320489618268
Sb Sr,0.9983917455246364
Sb Ta,0.9981718933195846
Sb Tb,0.9981821446185625
Sb Tc,0.996324846725229
Sb Te,0.9960182713523364
Sb Th,0.9980185037044405
Sb Ti,0.9975198903293145
Sb Tl,0.9978010627928692
Sb Tm,0.9961942403202457
Sb U,0.9959792607895898
Sb V,0.9972776474330458
Sb W,0.9957598863118208
Sb Y,0.997351664478516
Sb Yb,0.9973147557521596
Sb Zn,0.9974505780353478
Sb Zr,0.9979108466470017
Sc Se,0.9975920328010128
Sc Si,0.9981181632897834
Sc Sm,0.9986691608958591
Sc Sn,0.9990872891555443
Sc Sr,0.9987635699094379
Sc Ta,0.9988544208353061
Sc Tb,0.9978412270275197
Sc Tc,0.9978407850634539
Sc Te,0.9972729602457331
Sc Th,0.9988341953626617
Sc Ti,0.9987343671704347
Sc Tl,0.998930013666318
Sc Tm,0.9992928801405289
Sc U,0.9986386255961299
Sc V,0.9987964152282507
Sc W,0.9974556351170971
Sc Y,0.9986865559082249
Sc Yb,0.99857239549175
Sc Zn,0.9979615408569721
Sc Zr,0.9987017695442088
Se Si,0.9985922707991353
Se Sm,0.9986865702221521
Se Sn,0.9987333502557602
Se Sr,0.9979025235170293
Se Ta,0.9957404774280963
Se Tb,0.9963592176336684
Se Tc,0.9953315656983142
Se Te,0.9988148686185302
Se Th,0.9972618564846599
Se Ti,0.9971662124380969
Se Tl,0.9981154250343017
Se Tm,0.996836188245611
Se U,0.9971678196953456
Se V,0.9976204477180544
Se W,0.9972981486543361
Se Y,0.9986655515560767
Se Yb,0.9967453389936072
Se Zn,0.9986989526265532
Se Zr,0.9976774907805993
Si Sm,0.9980104578817983
Si Sn,0.9987269831272502
Si Sr,0.9983984499866994
Si Ta,0.9979505183637336
Si Tb,0.9964582109672535
Si Tc,0.9958175559135599
Si Te,0.997504915633122
Si Th,0.9974337270098692
Si Ti,0.9993331126463885
Si Tl,0.998125778204662
Si Tm,0.9977062800840151
Si U,0.9976362439373575
Si V,0.9986823479814962
Si W,0.998320817107255
Si Y,0.9985103978382073
Si Yb,0.9983648803221524
Si Zn,0.9985240211487629
Si Zr,0.9993578700909964
Sm Sn,0.9984188224764164
Sm Sr,0.999220732687126
Sm Ta,0.9970515366384013
Sm Tb,0.9978172254736122
Sm Tc,0.9953508391451765
Sm Te,0.9981801357207182
Sm Th,0.9981944241024328
Sm Ti,0.9982835145166867
Sm Tl,0.9986052288977246
Sm Tm,0.9981722777136908
Sm U,0.9985472051214387
Sm V,0.9981375967600006
Sm W,0.9981785576380882
Sm Y,0.998898295597794
Sm Yb,0.9984765717891195
Sm Zn,0.9979551060174822
Sm Zr,0.9983455470946935
Sn Sr,0.9990831063350458
Sn Ta,0.9986994190072702
Sn Tb,0.9972713834477898
Sn Tc,0.9970839698590749
Sn Te,0.9984971878952763
Sn Th,0.9980839297659247
Sn Ti,0.9988367897183017
Sn Tl,0.9987510158201433
Sn Tm,0.9980197563512051
Sn U,0.9973411369864303
Sn V,0.9986869631372965
Sn W,0.9975813140208227
Sn Y,0.9989623260615788
Sn Yb,0.9976728155391318
Sn Zn,0.9992181421276006
Sn Zr,0.99918039786252
Sr Ta,0.9979130346304943
Sr Tb,0.997740381449429
Sr Tc,0.9959948759496238
Sr Te,0.9971659716261526
Sr Th,0.9979640778133573
Sr Ti,0.9982934536777381
Sr Tl,0.9985927231814319
Sr Tm,0.99825873785626
Sr U,0.9977847939858518
Sr V,0.9985795233236343
Sr W,0.9971614308991774
Sr Y,0.9989513952666771
Sr Yb,0.9982711172849578
Sr Zn,0.9986563842542043
Sr Zr,0.9984151433419335
S Sb,0.996264486748063
S Sc,0.9984482900959268
S Se,0.9986476692246175
S Si,0.9989025604648549
S Sm,0.998328675884314
S Sn,0.9983551311443992
S Sr,0.9979854491326284
S Ta,0.996479084636833
S Tb,0.9955643201932736
S Tc,0.99581185851208
S Te,0.9973288626158808
S Th,0.9970494845203708
S Ti,0.998208256553813
S Tl,0.9982177489709122
S Tm,0.9973213719941819
S U,0.9987412314739548
S V,0.9990156920971327
S W,0.9986239711499754
S Y,0.9982862430917198
S Yb,0.997817867841085
S Zn,0.9983366842329613
S Zr,0.998034499889205
Ta Tb,0.9983757122999353
Ta Tc,0.9978621934095606
Ta Te,0.9975386558843462
Ta Th,0.9980681910446476
Ta Ti,0.9986424484816016
Ta Tl,0.9985150212355672
Ta Tm,0.9986219827874219
Ta U,0.9975694771005693
Ta V,0.9985023805708246
Ta W,0.9974497178467521
Ta Y,0.9979586438087382
Ta Yb,0.9979682433271183
Ta Zn,0.9976677335669984
Ta Zr,0.9985776218523623
Tb Tc,0.9983451204270368
Tb Te,0.9971085951909804
Tb Th,0.9990581442491263
Tb Ti,0.9978341300574273
Tb Tl,0.9982679129461448
Tb Tm,0.9981204237026157
Tb U,0.997840298600291
Tb V,0.9969820289628875
Tb W,0.9958040770194759
Tb Y,0.9970426022118591
Tb Yb,0.998700093953459
Tb Zn,0.9960886372332703
Tb Zr,0.9976314557715377
Tc Te,0.9955117020892225
Tc Th,0.998325723969171
Tc Ti,0.9973867663980615
Tc Tl,0.9978489798769958
Tc Tm,0.9979458279382053
Tc U,0.995838813316434
Tc V,0.9961554433468767
Tc W,0.9944399672601476
Tc Y,0.9956633952744763
Tc Yb,0.9964928985004506
Tc Zn,0.9959005611008439
Tc Zr,0.9963023702181657
Te Th,0.9980988669031269
Te Ti,0.9979356333969132
Te Tl,0.9985412539887437
Te Tm,0.9974571444795957
Te U,0.9978076357483706
Te V,0.9972258031045819
Te W,0.9962262364353828
Te Y,0.9972660614404035
Te Yb,0.9964647817739413
Te Zn,0.9976748831618312
Te Zr,0.9977125628216132
Th Ti,0.9988287960188543
Th Tl,0.9990867617393983
Th Tm,0.99865725953615
Th U,0.9984712344361637
Th V,0.9977957099744935
Th W,0.9962959716232513
Th Y,0.9973588393000621
Th Yb,0.9982838495729135
Th Zn,0.9963755983063509
Th Zr,0.9984661171311976
Ti Tl,0.9987896363333789
Ti Tm,0.9986044790509113
Ti U,0.9981342133261263
Ti V,0.9991084650075794
Ti W,0.9978208403210369
Ti Y,0.9988697150770988
Ti Yb,0.9983151311805545
Ti Zn,0.9986324639820328
Ti Zr,0.9995229687223608
Tl Tm,0.9986619467706496
Tl U,0.9982713327400237
Tl V,0.9985681251483409
Tl W,0.9977912937856012
Tl Y,0.9978644892327742
Tl Yb,0.9984259819357191
Tl Zn,0.9982578699145447
Tl Zr,0.9986978272727046
Tm U,0.9978025121073296
Tm V,0.9982941643586655
Tm W,0.9962986415689679
Tm Y,0.997860223992428
Tm Yb,0.9984778387995793
Tm Zn,0.997920355636699
Tm Zr,0.9983332017620891
U V,0.9984863535985629
U W,0.9975058664601488
U Y,0.998174101024123
U Yb,0.9984826658552988
U Zn,0.9967078931929089
U Zr,0.9983318141841777
V W,0.9988692510545663
V Y,0.9988193037780103
V Yb,0.9979687605711983
V Zn,0.998578823598983
V Zr,0.9988527410436332
W Y,0.9984233351669356
W Yb,0.9975344170391736
W Zn,0.9980925143830021
W Zr,0.9984389318489858
Yb Zn,0.9972168123756103
Yb Zr,0.9982605552405897
Y Yb,0.9980314789251004
Y Zn,0.9987780631339696
Y Zr,0.9988985355425564
Zn Zr,0.9990189697221836
