element,0,1,2,3,4,5,6,7,8,9,10,11,12,13,14,15,16,17,18,19,20,21,22,23,24,25,26,27,28,29,30,31,32,33,34,35,36,37,38,39,40,41,42,43,44,45,46,47,48,49,50
Si,4.5077305,10.055019,0.0,17.674982,12.18565,0.0,12.051469,37.2049,49.14105,0.0,0.0,35.468655,37.51334,0.0,33.962074,0.0,31.63586,34.858295,0.0,36.470993,31.50425,0.0,33.835358,37.698696,19.625938,40.16257,42.157066,29.681717,14.549721,39.130676,0.0,40.817326,8.44766,24.86295,0.0,9.925642,35.524548,0.0,16.707188,29.990513,37.494743,0.0,39.64068,34.05222,9.625426,39.606895,0.0,0.0,35.806244,40.934673,0.0
C,3.9626894,8.8679,0.0,17.465382,2.7062588,0.0,5.289559,42.25436,53.75014,0.0,0.0,33.89127,36.945484,0.0,35.162937,0.0,34.1,34.917778,0.0,37.869637,30.628391,0.0,31.594156,36.684753,19.692568,40.312252,44.081688,29.070066,15.089019,41.65277,0.0,43.866642,11.512761,19.991722,0.0,8.058946,32.98685,0.0,21.775885,29.757856,34.56033,0.0,44.953423,37.90599,8.075808,43.300606,0.0,0.0,36.041798,40.314297,0.0
Pb,8.820704,12.735446,0.0,23.438198,11.740765,0.0,6.13189,38.771114,51.524925,0.0,0.0,33.89991,36.85502,0.0,34.840046,0.0,32.78641,33.06715,0.0,38.879204,32.39614,0.0,32.286694,37.0924,19.25765,38.909836,41.727753,32.66188,12.456089,41.207096,0.0,40.84598,14.318077,15.585895,0.0,13.231809,35.64596,0.0,12.889259,32.60225,35.72492,0.0,37.95012,35.03111,13.796347,37.03582,0.0,0.0,37.05051,40.407467,0.0
I,9.69877,12.54796,0.0,25.123158,4.6737547,0.0,8.14305,39.87635,51.952484,0.0,0.0,33.304184,34.305737,0.0,31.51583,0.0,33.37629,34.94155,0.0,35.156605,30.432243,0.0,31.867031,35.5039,19.48793,40.47492,40.13418,32.089878,9.985708,43.01871,0.0,43.74808,12.955992,14.039399,0.0,14.968032,35.402016,0.0,11.5825405,32.863316,31.758919,0.0,42.3376,38.51562,13.251274,40.95166,0.0,0.0,36.011955,38.5408,0.0
Br,9.336328,12.524172,0.0,24.821945,4.4970016,0.0,7.2540145,41.190342,52.614807,0.0,0.0,31.428411,35.232533,0.0,31.927162,0.0,32.790573,33.815956,0.0,34.8839,30.220387,0.0,30.606203,36.952564,18.764992,40.300556,40.46759,31.085964,14.995978,42.558132,0.0,42.264317,12.663846,20.163218,0.0,12.286313,33.767597,0.0,16.008532,30.701385,32.629013,0.0,41.124584,36.882984,13.632057,39.568695,0.0,0.0,35.02476,38.589508,0.0
Cl,5.784864,6.4849143,0.0,21.28035,7.0967712,0.0,6.380967,42.622074,55.424023,0.0,0.0,35.3027,37.936565,0.0,36.709564,0.0,36.060616,36.145332,0.0,39.825577,31.217411,0.0,33.28459,38.675163,20.55872,43.339123,45.44976,30.528778,8.93489,46.20046,0.0,43.32015,9.034712,17.793,0.0,9.027461,36.168755,0.0,14.347168,33.809387,37.93896,0.0,44.139072,39.30663,8.984226,43.137947,0.0,0.0,37.487408,41.40583,0.0
Eu,16.43418,18.547327,0.0,33.105705,13.798929,0.0,7.1151624,34.6169,48.47801,0.0,0.0,29.919611,32.349518,0.0,29.916191,0.0,31.530128,30.291822,0.0,33.460304,31.17248,0.0,30.637877,34.957165,17.683891,36.450985,36.828873,31.712875,10.986384,40.28371,0.0,35.490055,16.823738,11.146664,0.0,16.750387,34.12762,0.0,9.081557,25.594412,33.09794,0.0,32.920567,32.506916,20.958101,29.868916,0.0,0.0,36.58629,35.9185,0.0
O,0.0,0.43565044,0.0,10.502694,3.4327772,0.0,0.089111544,43.714294,58.16176,0.0,0.0,39.991825,43.820908,0.0,35.437103,0.0,38.585854,39.60613,0.0,45.134586,36.158566,0.0,33.77575,38.421875,22.897665,41.68762,54.9131,28.15572,0.468201,56.071087,0.0,49.749664,2.7712235,6.3765078,0.0,0.0061792284,43.531925,0.0,9.551764,32.334366,40.941124,0.0,50.404675,45.152016,0.0014947355,47.555122,0.0,0.0,46.16797,49.06409,0.0
Fe,0.5112878,0.0,0.0,14.622053,13.595932,0.0,10.34654,40.659554,53.99676,0.0,0.0,40.46511,43.926067,0.0,39.273563,0.0,38.63938,41.050964,0.0,45.19363,35.845108,0.0,38.9516,43.900223,24.499413,45.6357,46.902153,29.666248,0.0,51.877907,0.0,44.585167,0.0018111467,16.050041,0.0,4.312664,42.360603,0.0,4.5788827,40.14485,39.499264,0.0,42.534313,41.41155,6.436305,43.49343,0.0,0.0,40.078243,45.080936,0.0
Sb,7.4645658,10.655207,0.0,20.282917,13.264785,0.0,10.95156,39.615833,53.340534,0.0,0.0,35.032738,38.30717,0.0,35.031315,0.0,35.83142,35.425186,0.0,37.77465,33.17645,0.0,33.34252,40.97986,17.979918,40.661495,40.762947,30.127403,7.1157727,42.379368,0.0,42.446148,9.533211,16.9887,0.0,13.195852,37.679794,0.0,9.227454,33.62927,34.580517,0.0,40.753185,38.212486,13.306137,39.80151,0.0,0.0,38.011528,40.97222,0.0
In,5.4720073,7.056398,0.0,18.782011,17.575117,0.0,14.365945,38.7962,49.870052,0.0,0.0,35.756115,37.49344,0.0,36.007404,0.0,34.46344,35.21965,0.0,39.208942,34.1271,0.0,35.44072,40.99346,21.31606,42.35734,42.17153,32.76731,6.3298535,42.97211,0.0,41.342,6.9299603,20.365265,0.0,11.310014,36.31447,0.0,13.945901,32.73153,37.65879,0.0,39.680466,37.689808,10.5641775,38.62829,0.0,0.0,37.69774,40.57861,0.0
S,2.5555615,5.964889,0.0,16.431532,5.7763486,0.0,6.780767,44.4961,56.130768,0.0,0.0,37.20952,40.16085,0.0,36.59749,0.0,38.390602,39.60026,0.0,40.74659,33.942013,0.0,34.34149,41.341694,19.824919,42.16412,44.557365,27.247206,8.590107,48.045383,0.0,43.907124,6.4881563,16.666836,0.0,7.757279,37.757214,0.0,13.052114,35.653133,34.992092,0.0,45.23115,39.809155,8.591045,43.041363,0.0,0.0,37.242237,43.92217,0.0
N,5.82341,9.254479,0.0,19.523699,7.115444,0.0,5.269366,41.444885,52.516857,0.0,0.0,35.574673,39.303513,0.0,37.534588,0.0,37.271446,35.685688,0.0,39.917927,31.753551,0.0,34.22736,38.35256,21.556269,40.437862,45.204494,27.52472,11.029564,44.43321,0.0,43.716694,10.616558,17.879478,0.0,9.716836,35.50877,0.0,16.573244,32.973152,37.101593,0.0,43.944435,38.2868,9.925937,42.650078,0.0,0.0,38.964,42.75459,0.0
U,16.542921,20.316568,0.0,30.062935,15.169532,0.0,3.0008836,37.622437,44.87827,0.0,0.0,27.509481,29.774786,0.0,30.23236,0.0,29.430141,30.706486,0.0,31.811813,31.982222,0.0,27.34486,33.987503,17.341118,37.012543,34.328354,36.37316,10.271026,34.661335,0.0,36.334785,15.4499655,9.760036,0.0,18.245571,30.626328,0.0,7.171569,27.478249,27.976519,0.0,33.837574,31.99648,25.677841,27.285583,0.0,0.0,37.134422,34.10152,0.0
Mn,2.1013074,1.7030212,0.0,15.739702,12.638403,0.0,11.34606,40.5925,55.18723,0.0,0.0,39.54176,41.40716,0.0,38.50454,0.0,39.09678,41.029243,0.0,41.470306,36.736027,0.0,37.79489,43.628662,22.267473,45.5478,45.34541,29.662703,1.1774902,50.832264,0.0,42.61549,0.086678386,16.005476,0.0,7.198195,42.865097,0.0,5.612313,39.068485,37.275288,0.0,42.645573,41.502438,8.3042555,43.374084,0.0,0.0,39.14198,44.995922,0.0
Lu,22.12718,23.169725,0.0,36.01683,21.838991,0.0,7.27292,27.816683,46.088486,0.0,0.0,23.506847,21.486475,0.0,26.79449,0.0,23.795702,23.157614,0.0,20.059341,28.273563,0.0,22.022673,21.085115,19.259275,28.082937,25.764706,35.114773,16.681038,33.00718,0.0,25.887106,14.8541565,0.0030953884,0.0,20.467403,24.38103,0.0,15.701678,22.368736,20.406975,0.0,27.879663,25.909542,30.680395,31.556599,0.0,0.0,23.841791,28.493795,0.0
Se,7.2146077,10.85059,0.0,19.355003,4.8187532,0.0,10.35776,39.02377,55.70577,0.0,0.0,32.385315,38.409607,0.0,33.032818,0.0,30.63395,35.511795,0.0,35.435757,30.650074,0.0,31.90089,37.23341,18.172739,38.640095,39.294518,31.001482,14.155669,41.472427,0.0,41.25708,10.033058,20.375774,0.0,12.791198,34.255177,0.0,17.763308,33.17374,33.225815,0.0,41.0998,36.708195,11.702238,40.065235,0.0,0.0,34.635586,39.57815,0.0
Tl,8.121165,12.095668,0.0,25.404644,11.694614,0.0,12.099889,31.654522,50.282784,0.0,0.0,33.785892,33.77551,0.0,31.547516,0.0,25.194767,33.72002,0.0,32.048058,30.034279,0.0,32.104507,34.712246,16.660046,38.831703,36.1072,35.92181,16.958506,35.655327,0.0,37.741177,11.433805,23.807013,0.0,10.927276,33.896038,0.0,11.1019335,28.747757,32.711956,0.0,33.30329,32.481396,14.526461,35.776127,0.0,0.0,33.30558,38.065884,0.0
Hf,19.804583,21.749132,0.0,30.240646,20.993063,0.0,13.508639,29.675165,41.929836,0.0,0.0,26.373184,25.273218,0.0,21.607622,0.0,26.420763,26.527454,0.0,23.915894,28.451635,0.0,26.744535,32.560265,15.486509,29.322855,23.786009,38.084633,15.641784,31.528465,0.0,31.694405,15.472814,11.471731,0.0,21.164507,30.377653,0.0,5.222708,23.934742,26.112913,0.0,25.62707,28.011448,17.755234,18.813192,0.0,0.0,25.1545,30.540195,0.0
Ir,6.3871393,14.467902,0.0,13.400142,23.227062,0.0,33.515594,37.651127,42.33337,0.0,0.0,27.450409,27.10131,0.0,24.791359,0.0,21.764572,24.45912,0.0,26.888063,28.731085,0.0,26.586569,36.023964,10.867743,31.329256,28.858362,28.710009,13.429306,28.404465,0.0,33.855743,13.198909,28.194107,0.0,21.826395,29.815859,0.0,7.48072,23.884747,27.278286,0.0,29.225208,26.263094,19.432863,27.484041,0.0,0.0,25.17953,27.440523,0.0
Ca,4.4484353,4.8305736,0.0,17.805527,6.324618,0.0,3.2318256,44.916832,55.33978,0.0,0.0,37.38216,42.72865,0.0,37.30214,0.0,39.24159,38.17459,0.0,43.748745,35.645294,0.0,35.641926,40.99597,23.250881,43.788204,47.49077,29.862928,2.6482837,48.63897,0.0,46.420555,8.008069,10.742192,0.0,8.292496,40.336693,0.0,8.89266,35.545322,37.877796,0.0,46.34377,41.754765,8.873048,42.0831,0.0,0.0,43.155563,44.151814,0.0
Ta,12.344323,14.713489,0.0,27.046375,21.080473,0.0,16.382174,34.58109,43.865818,0.0,0.0,31.587421,30.260899,0.0,32.801357,0.0,33.37734,32.33827,0.0,34.260384,32.157387,0.0,32.146755,39.929016,16.2952,38.08817,32.150784,32.224228,6.743893,39.002056,0.0,36.146446,9.401642,14.256443,0.0,16.750736,34.733276,0.0,2.7128246,29.364351,31.591917,0.0,31.418056,33.366646,20.6679,34.627895,0.0,0.0,36.258987,37.128803,0.0
Cr,10.616745,10.766412,0.0,21.770464,20.420742,0.0,22.267332,35.518642,48.467815,0.0,0.0,35.10211,31.110086,0.0,33.58872,0.0,30.349628,33.077885,0.0,33.551693,29.651407,0.0,29.013788,36.22988,16.109486,38.750847,34.740326,32.772438,3.6884193,40.610268,0.0,35.714348,6.768729,16.003933,0.0,19.128708,37.456577,0.0,4.2748017,29.053331,29.286488,0.0,35.273186,36.001408,21.274946,34.039394,0.0,0.0,32.239094,35.558556,0.0
K,5.353649,5.5294566,0.0,19.672615,6.507531,0.0,0.0,45.39962,54.579285,0.0,0.0,37.475544,41.0927,0.0,37.729176,0.0,40.027885,36.438072,0.0,43.621693,33.24728,0.0,35.07422,39.445484,24.403831,46.263058,49.433975,30.264193,2.7030313,46.21529,0.0,47.782516,9.447772,10.277441,0.0,5.520744,38.73304,0.0,11.702924,31.789177,39.520557,0.0,47.33844,40.178326,6.51888,41.43181,0.0,0.0,45.297615,44.29824,0.0
Pm,2.1291897,1.9759393,0.0,1.9175901,2.07467,0.0,2.9426785,0.0,0.0,0.0,0.0,0.0,0.0,0.0,0.0,0.0,0.0,0.0,0.0,0.0,0.0,0.0,0.0,0.0,0.0,0.0,0.0,0.0,2.9286292,4.344154e-05,0.0,0.0,2.868279,2.6941862,0.0,2.132246,0.0,3.3724816,2.1097987,0.0,0.0,0.0,0.0,0.0,2.3868306,0.0,3.282676,0.0,0.0,0.0,0.0
Mg,4.529695,3.6107602,0.0,18.472801,15.622847,0.0,13.104932,40.133183,53.14214,0.0,0.0,38.99648,38.688972,0.0,37.085804,0.0,35.832634,38.364876,0.0,40.7974,35.777958,0.0,36.45022,42.215,21.105131,44.345036,43.772507,30.536755,2.3166142,47.428967,0.0,41.395123,2.724269,16.549988,0.0,10.2422085,39.306385,0.0,5.525287,37.60805,36.035793,0.0,42.143475,40.143227,9.741413,40.468708,0.0,0.0,38.769577,42.510952,0.0
Zn,2.8825173,3.43888,0.0,17.912613,15.712766,0.0,11.600026,40.242897,52.034134,0.0,0.0,38.339314,39.883915,0.0,38.363506,0.0,36.435005,38.208332,0.0,40.943195,33.552197,0.0,37.814068,41.442398,24.190624,45.425823,46.05103,28.97006,4.2519245,45.34639,0.0,43.4149,4.098132,18.366627,0.0,7.4083014,39.00289,0.0,10.382829,35.636806,39.16229,0.0,40.579075,39.91066,8.511463,41.74424,0.0,0.0,39.585567,44.302723,0.0
Cu,0.0,0.22862253,0.0,14.096325,9.841951,0.0,8.704294,43.199974,56.761997,0.0,0.0,40.164192,42.39241,0.0,38.854374,0.0,36.996696,39.8688,0.0,43.31714,36.26427,0.0,37.972168,43.623314,23.404068,44.297367,48.359566,28.700249,1.0397669,50.86562,0.0,43.905224,1.8691717,15.437546,0.0,4.142514,40.03925,0.0,7.7186394,37.57487,37.338696,0.0,45.479946,42.482567,4.980784,43.707615,0.0,0.0,41.050346,44.888435,0.0
Sn,3.8093174,7.9270535,0.0,17.59331,12.910553,0.0,12.121768,40.155724,51.290993,0.0,0.0,36.15103,38.82722,0.0,36.87179,0.0,35.13964,35.51667,0.0,39.847885,33.62315,0.0,34.8114,41.95002,21.14881,42.54539,44.285362,30.926336,10.448013,42.634594,0.0,41.87066,8.214901,21.2444,0.0,9.469944,36.911526,0.0,14.670818,32.873123,37.739563,0.0,40.472397,36.109562,9.39929,39.613197,0.0,0.0,36.80323,42.784733,0.0
Ti,5.710641,6.8286185,0.0,19.438599,17.70041,0.0,15.219498,38.637432,53.123974,0.0,0.0,37.453205,37.341846,0.0,37.50978,0.0,36.331936,38.290043,0.0,39.85833,34.732563,0.0,34.431217,43.03012,19.015749,41.38234,42.220085,32.685574,2.1139483,46.88384,0.0,41.3012,2.2349854,16.331905,0.0,11.382525,41.661762,0.0,3.2674754,38.329983,34.48645,0.0,38.95684,37.48649,12.423887,38.788197,0.0,0.0,35.935364,41.90404,0.0
B,4.6384525,11.670665,0.0,19.633589,1.7272129,0.0,8.774817,38.937305,48.40418,0.0,0.0,31.147532,36.120564,0.0,30.817616,0.0,31.074993,30.848057,0.0,31.044764,26.551363,0.0,30.581087,33.56402,20.053272,37.115467,37.43606,28.157326,23.303003,33.915264,0.0,43.325397,11.555388,30.593483,0.0,8.704794,30.63039,0.0,23.457235,25.742537,33.07379,0.0,37.696533,34.228344,8.411925,39.673985,0.0,0.0,31.635014,37.926773,0.0
W,11.242371,11.288433,0.0,24.110605,12.465045,0.0,12.994586,39.518173,45.709812,0.0,0.0,33.618664,33.007484,0.0,33.079456,0.0,35.549156,34.142723,0.0,39.397614,28.70693,0.0,31.815584,36.182705,19.732418,41.372456,37.260155,36.94757,5.950181,45.320812,0.0,38.335754,9.376105,14.337176,0.0,13.466919,36.387672,0.0,9.678402,34.169777,32.15495,0.0,36.679195,36.861702,17.682747,38.637714,0.0,0.0,37.024185,38.898758,0.0
P,5.5729136,12.589277,0.0,18.048418,7.9430733,0.0,13.357278,34.60332,50.675823,0.0,0.0,31.056225,36.24508,0.0,32.573265,0.0,30.144596,32.550705,0.0,31.633064,25.710659,0.0,31.09288,33.3186,18.608969,35.197414,40.418472,28.416594,21.255386,34.79666,0.0,37.952377,11.567767,30.349367,0.0,11.21714,30.444277,0.0,22.55099,28.236076,34.49769,0.0,37.06952,29.945307,12.571865,38.684975,0.0,0.0,31.64436,36.56954,0.0
H,6.1080885,12.881853,0.0,22.252151,0.6174765,0.0,6.8832374,37.337128,51.42689,0.0,0.0,27.284859,33.33312,0.0,29.930536,0.0,26.81623,31.346588,0.0,29.500702,26.162493,0.0,27.951002,32.244164,17.130077,34.483017,36.58423,29.783081,26.565939,34.749653,0.0,41.772278,13.504226,26.859812,0.0,11.189593,27.762037,0.0,22.649313,24.46592,31.678707,0.0,38.188805,32.93941,8.455996,38.825867,0.0,0.0,29.57702,35.70004,0.0
Pd,6.2019176,10.006729,0.0,19.732687,14.282953,0.0,14.551774,39.60282,48.05432,0.0,0.0,31.830626,33.23174,0.0,33.27016,0.0,29.965275,32.390793,0.0,33.48713,31.87775,0.0,33.04881,37.735268,20.214167,39.365555,37.882885,26.754398,13.533969,36.570232,0.0,41.1319,10.834751,26.025597,0.0,13.623614,33.91305,0.0,15.9545965,29.772535,33.268055,0.0,37.17155,35.582775,12.32391,35.983112,0.0,0.0,34.5435,36.369267,0.0
As,6.697492,12.04342,0.0,18.156126,9.151164,0.0,12.559525,35.136738,52.03359,0.0,0.0,31.295326,38.180088,0.0,32.329144,0.0,31.017292,32.81694,0.0,32.39447,26.144241,0.0,32.30674,38.540573,17.572409,35.023426,39.038837,30.543938,17.247374,38.41142,0.0,39.44625,13.4296665,24.60748,0.0,14.036429,31.17416,0.0,19.123598,29.972878,34.84389,0.0,37.89785,32.662437,14.343317,36.29637,0.0,0.0,35.086052,36.218117,0.0
Co,2.4463677,1.6954228,0.0,16.312832,12.741187,0.0,11.204172,40.668945,51.9675,0.0,0.0,38.686146,42.423824,0.0,38.440006,0.0,38.046185,39.408684,0.0,42.03354,36.51514,0.0,37.32209,41.810623,23.273693,44.392178,45.609932,29.932304,0.56499016,48.45918,0.0,43.998913,0.7618178,17.734436,0.0,7.4845877,40.675488,0.0,7.788963,36.764687,37.975964,0.0,43.64747,40.790943,8.128591,42.847214,0.0,0.0,39.636494,43.192287,0.0
Np,27.888556,34.73775,0.0,19.333323,25.669008,0.0,10.845604,5.6242013,36.404327,0.0,0.0,5.993711,1.0229052,0.0,9.736343,0.0,1.1916411,7.870007,0.0,4.0477276,8.142728,0.0,8.591435,4.3630705,0.0016004194,8.75765,0.8143289,20.675013,23.661552,1.6056392,0.0,4.7199445,16.834566,0.0023696423,0.0,19.795382,3.9601877,0.0,5.2871504,1.8191514,6.68796,0.0,5.501673,9.4273615,20.263065,6.384043,0.0,0.0,7.1723247,4.6186013,0.0
Tc,17.352772,16.482594,0.0,26.224176,2.2712367,0.0,31.31769,11.044528,0.0052441796,0.0,0.0,11.855084,3.266931,0.0,10.513429,0.0,8.909982,9.4049635,0.0,7.490897,5.7631927,0.0,11.112597,12.686553,3.9885008,13.031436,6.573016,30.566454,11.077756,9.269125,0.0,9.239947,22.83682,9.362991,0.0,26.22836,13.277411,0.0,32.135742,7.351557,12.411969,0.0,9.886885,8.95154,30.094471,9.000556,0.0,0.0,8.080848,7.2771063,0.0
Hg,6.2011847,12.344218,0.0,24.977913,17.290262,0.0,16.468805,31.760326,43.384827,0.0,0.0,32.69517,31.913645,0.0,32.244358,0.0,29.275223,31.75421,0.0,33.362328,25.948328,0.0,31.26653,31.855474,20.274591,34.73456,32.793465,28.821749,18.766422,31.778755,0.0,38.244675,9.235398,28.293839,0.0,8.936333,28.175322,0.0,15.765266,31.151585,33.397053,0.0,29.38545,33.087135,12.242502,35.68006,0.0,0.0,31.767193,34.316578,0.0
Pu,31.607191,23.803373,0.0,18.227701,25.776243,0.0,9.091931,10.695567,30.14066,0.0,0.0,12.803799,12.472073,0.0,7.905899,0.0,11.975396,7.3061433,0.0,3.2061617,15.503628,0.0,9.748694,13.137236,17.192003,16.149937,13.150617,21.288094,20.078442,15.43829,0.0,11.1949215,6.831337,32.693954,0.0,25.60997,12.515448,0.0,7.033355,12.90359,10.89549,0.0,8.663129,10.233553,20.981981,5.632183,0.0,0.0,9.639441,9.556246,0.0
Al,1.9871122,2.8922377,0.0,16.0892,13.063988,0.0,10.123717,42.54754,53.506207,0.0,0.0,39.459072,42.103874,0.0,38.59533,0.0,39.35003,40.251663,0.0,42.439034,36.96462,0.0,37.656498,42.066216,23.195023,45.723812,45.335064,28.492346,1.6969892,48.56415,0.0,44.820145,1.4481956,16.584114,0.0,6.243677,41.487404,0.0,7.372988,38.064648,39.05163,0.0,44.099205,42.045795,8.158671,41.764412,0.0,0.0,40.025455,45.09991,0.0
Tm,23.401142,24.506552,0.0,36.95226,19.568989,0.0,4.0260267,25.514166,46.30085,0.0,0.0,23.726336,18.478077,0.0,21.200739,0.0,24.46401,24.08395,0.0,18.260952,24.909626,0.0,21.496256,21.282713,14.10499,25.164953,25.59112,25.83772,14.471278,27.15745,0.0,24.513447,24.484877,0.0005207062,0.0,28.608402,23.211426,0.0,24.825418,22.616589,21.362013,0.0,26.356192,24.355751,24.877155,26.247515,0.0,0.0,23.38182,19.863403,0.0
Tb,17.325287,17.36231,0.0,31.454214,12.599599,0.0,5.703799,34.385033,46.65403,0.0,0.0,29.710453,28.995102,0.0,30.84679,0.0,28.426222,28.322098,0.0,29.917027,28.18761,0.0,28.937609,30.364918,20.168964,35.24469,35.16362,32.959064,15.534712,35.09939,0.0,37.16771,19.157541,7.4967213,0.0,15.547338,34.992203,0.0,18.574898,30.766548,30.366776,0.0,34.76043,31.751352,20.879604,32.126766,0.0,0.0,34.3853,33.70211,0.0
Ho,21.802937,22.74169,0.0,30.029774,17.449612,0.0,5.631087,35.39418,42.432003,0.0,0.0,28.7995,21.109846,0.0,28.341063,0.0,31.103859,27.795723,0.0,29.933334,28.64301,0.0,27.872164,27.80643,17.670822,33.08373,31.683533,28.813978,7.906398,32.619972,0.0,33.127045,22.804327,2.7412002,0.0,21.16561,27.765123,0.0,18.723686,29.392473,26.510437,0.0,31.19219,32.30259,22.877195,31.137827,0.0,0.0,32.051132,31.612906,0.0
Nb,10.08633,10.770007,0.0,23.142563,17.599102,0.0,14.273731,39.130634,51.22361,0.0,0.0,34.713764,34.856205,0.0,33.59285,0.0,33.243,34.760033,0.0,37.78731,35.06054,0.0,31.524916,40.198402,18.639032,38.57362,37.488163,36.541664,5.082683,43.66209,0.0,41.333546,6.711506,15.963781,0.0,15.515635,40.170204,0.0,3.2778904,33.69211,31.878538,0.0,36.35749,37.15762,16.71923,36.398666,0.0,0.0,35.916218,39.37844,0.0
Ge,4.734696,9.243304,0.0,16.748158,11.50345,0.0,9.29798,38.2277,52.43548,0.0,0.0,34.284336,39.604733,0.0,36.595062,0.0,35.22628,34.503307,0.0,38.063442,30.769072,0.0,34.02187,39.021507,22.120926,40.439217,43.92222,29.028055,13.837223,39.576954,0.0,41.805336,7.9764485,24.036339,0.0,7.9193892,36.675884,0.0,18.489819,32.25828,37.327175,0.0,40.175808,35.57961,7.8707247,40.059532,0.0,0.0,36.728115,43.087444,0.0
Zr,14.465832,12.576501,0.0,25.625916,18.553236,0.0,11.821149,34.77831,50.34348,0.0,0.0,33.298206,33.702805,0.0,33.129524,0.0,32.041443,33.97869,0.0,33.550446,32.612537,0.0,30.53922,39.17527,18.199286,37.941967,36.722282,35.94885,6.570882,40.912086,0.0,37.70981,10.7979555,10.85298,0.0,18.29058,38.019745,0.0,5.8755374,33.64401,31.98927,0.0,38.22133,34.070736,18.863771,32.878296,0.0,0.0,35.262863,36.00437,0.0
Cd,5.44595,7.3182745,0.0,21.290468,15.622544,0.0,11.430393,40.54923,49.209072,0.0,0.0,37.120937,36.51584,0.0,36.138313,0.0,34.709496,37.127716,0.0,39.490982,31.47616,0.0,35.233055,40.299297,21.666344,43.673725,42.788864,30.862556,7.543836,42.838245,0.0,41.794327,7.1347356,18.411913,0.0,10.918528,37.397396,0.0,12.6583185,32.41061,37.979053,0.0,40.26333,37.967274,11.124736,40.669178,0.0,0.0,36.685024,41.76585,0.0
V,4.7367268,7.282829,0.0,18.686222,13.13351,0.0,16.238523,38.491467,50.347145,0.0,0.0,36.90615,36.8878,0.0,36.10902,0.0,34.885857,36.3341,0.0,38.69485,30.985722,0.0,34.58621,39.39196,18.523275,40.218372,41.591103,33.908253,6.2187886,45.232906,0.0,40.720097,4.8383493,20.188309,0.0,11.69503,37.668156,0.0,14.249108,32.68102,35.700123,0.0,39.300728,37.152184,10.412593,41.625813,0.0,0.0,34.613167,39.47892,0.0
Sr,7.789579,8.805278,0.0,22.018047,10.200111,0.0,5.173147,42.984,53.997456,0.0,0.0,35.6823,36.811,0.0,35.34489,0.0,35.87344,35.62273,0.0,39.937946,35.91362,0.0,32.288616,38.627678,20.484842,44.132935,44.26648,32.255196,7.2671304,42.794792,0.0,44.651207,12.662471,13.440712,0.0,10.332024,36.74663,0.0,10.685772,30.066702,36.6701,0.0,44.054016,40.181908,13.1987915,39.74509,0.0,0.0,40.729027,43.197918,0.0
Ni,2.912619,1.8709453,0.0,16.600527,11.062487,0.0,9.26809,41.083797,52.84544,0.0,0.0,39.292583,42.628952,0.0,39.404884,0.0,38.012386,38.853188,0.0,40.532875,37.33203,0.0,37.240414,41.16843,23.570528,46.401596,47.35583,29.24499,1.8947289,46.765945,0.0,45.048355,2.6844463,15.623622,0.0,6.253194,41.591324,0.0,8.514219,34.691875,38.36289,0.0,45.257286,41.25855,7.429821,42.976852,0.0,0.0,41.19924,42.501358,0.0
Rh,10.376044,13.522032,0.0,18.077232,23.59301,0.0,25.478067,35.859703,41.342236,0.0,0.0,30.101786,27.873947,0.0,30.143387,0.0,25.656317,28.654852,0.0,30.339527,27.259167,0.0,27.723919,36.772938,10.015482,31.205675,32.00517,24.954802,15.678064,30.52209,0.0,35.500366,13.17235,23.800331,0.0,20.339994,29.369656,0.0,12.205291,24.49554,29.523468,0.0,31.386913,29.984957,19.106743,34.997227,0.0,0.0,28.31631,32.71018,0.0
Th,21.304482,29.570034,0.0,41.548824,0.0,0.0,10.904035,21.35392,33.24967,0.0,0.0,17.349533,15.841367,0.0,18.079773,0.0,6.90931,18.708506,0.0,7.827363,17.84548,0.0,15.8908205,16.830442,4.5348806,18.613274,28.35068,23.003864,19.164927,13.182902,0.0,29.713758,17.813822,20.409733,0.0,16.347185,20.324518,0.0,6.709993e-05,20.350662,18.929947,0.0,21.16958,17.567274,30.546942,16.294872,0.0,0.0,24.048851,16.496058,0.0
Na,2.6587048,1.7147113,0.0,16.210127,7.275995,0.0,2.6702921,46.20367,52.644497,0.0,0.0,40.373085,44.20823,0.0,39.843605,0.0,41.23898,37.430016,0.0,45.663082,34.80244,0.0,38.439445,41.832825,23.743088,44.875393,50.223557,26.776396,0.26521847,52.63211,0.0,46.422955,4.1666975,10.107991,0.0,4.36266,41.087833,0.0,7.4349017,34.973927,39.409657,0.0,46.584827,41.81568,5.12468,46.171696,0.0,0.0,44.80231,44.97561,0.0
Ru,10.935361,13.332812,0.0,21.802193,27.860907,0.0,25.865627,32.09196,49.55775,0.0,0.0,32.337467,30.415365,0.0,30.192354,0.0,25.572252,32.58864,0.0,30.240881,27.476753,0.0,29.169176,37.941475,13.949562,35.644608,33.367798,33.87932,3.4461892,34.11502,0.0,31.964386,6.705575,18.054333,0.0,19.596764,32.253563,0.0,5.7467623,27.813705,30.753777,0.0,31.070866,30.689625,22.939926,30.551842,0.0,0.0,29.429607,35.452118,0.0
La,10.461283,10.422412,0.0,24.708063,8.757709,0.0,2.8441305,43.407566,52.85821,0.0,0.0,36.48223,34.20855,0.0,34.563297,0.0,35.74172,35.6249,0.0,38.78548,35.08557,0.0,31.714766,36.195976,20.134562,43.02515,42.34414,31.45053,7.7016196,42.010807,0.0,44.320328,13.917327,9.205139,0.0,13.26275,38.64247,0.0,8.846478,31.241798,35.680897,0.0,43.763344,39.683903,14.333843,37.58767,0.0,0.0,40.544456,42.218792,0.0
Re,10.458462,14.111711,0.0,27.188929,17.273447,0.0,32.68984,27.6141,29.004261,0.0,0.0,28.347778,17.16985,0.0,25.885183,0.0,25.430603,26.82391,0.0,25.893398,24.145588,0.0,23.606588,32.039307,12.755856,33.02445,28.139671,37.589024,4.265436,32.413506,0.0,27.5154,15.358944,15.9628105,0.0,27.915426,30.590452,0.0,10.078915,16.977566,28.915281,0.0,29.4006,27.98835,26.643135,30.53403,0.0,0.0,25.899982,27.007145,0.0
Y,14.870972,15.084605,0.0,29.924278,9.189616,0.0,5.5836177,41.482998,47.21983,0.0,0.0,33.650288,33.711456,0.0,31.56476,0.0,35.47698,31.773647,0.0,36.255123,33.290977,0.0,29.613783,34.522022,20.898518,36.439083,40.53921,33.995167,7.586156,43.007504,0.0,38.944122,14.582108,8.285996,0.0,18.81683,36.732815,0.0,12.055273,31.87489,31.249928,0.0,39.055626,35.928677,17.767704,35.500927,0.0,0.0,37.587463,37.0276,0.0
Er,20.877344,21.243277,0.0,31.87651,12.362802,0.0,4.2379217,36.32989,44.008728,0.0,0.0,28.868132,28.392973,0.0,30.433754,0.0,31.349005,27.479206,0.0,30.287516,29.127598,0.0,25.346615,31.415953,16.29076,34.39386,30.923271,27.590206,8.533186,36.140335,0.0,34.930996,21.164598,3.9068394,0.0,22.185476,30.539263,0.0,18.108446,31.604753,25.92467,0.0,32.832912,30.386637,24.477951,28.393423,0.0,0.0,30.565006,31.841093,0.0
Ce,14.702605,15.563716,0.0,29.50413,11.069401,0.0,5.275806,38.122658,51.461372,0.0,0.0,34.689507,32.879295,0.0,33.257507,0.0,33.734093,32.859062,0.0,35.6307,33.89423,0.0,30.11183,35.25472,18.143595,38.78058,39.158066,35.818417,8.170392,40.806076,0.0,37.476196,12.5942135,10.039482,0.0,14.999982,39.140095,0.0,6.085252,31.05645,31.526587,0.0,37.423996,35.0901,17.762323,35.264305,0.0,0.0,39.14638,38.07653,0.0
Pt,7.6952753,8.855887,0.0,20.875973,19.6172,0.0,20.705553,34.552216,46.171352,0.0,0.0,33.27466,32.46402,0.0,32.626812,0.0,24.989393,30.732864,0.0,31.244865,29.652191,0.0,32.457508,35.41831,16.807775,35.482216,37.275635,31.077953,8.372197,34.98058,0.0,36.2177,6.288549,27.444698,0.0,16.20659,34.2996,0.0,15.831723,24.022917,32.79719,0.0,35.903675,33.931095,14.892536,35.27707,0.0,0.0,31.639713,37.69281,0.0
Ga,3.485462,5.9780283,0.0,18.027782,14.743657,0.0,12.359782,40.106075,51.286907,0.0,0.0,37.081127,39.300465,0.0,38.014935,0.0,35.107857,35.718155,0.0,40.887432,34.988255,0.0,35.734306,39.747334,22.684124,42.17854,44.574383,30.438066,7.119184,41.727406,0.0,40.864906,4.469732,22.847897,0.0,8.880778,37.981026,0.0,13.545377,32.72186,38.326954,0.0,41.54095,37.606354,7.920577,39.69175,0.0,0.0,37.646236,42.61758,0.0
Li,4.607172,4.9031835,0.0,19.528553,12.158878,0.0,8.728473,42.31508,51.220753,0.0,0.0,38.816914,39.629673,0.0,38.2955,0.0,36.966064,37.175907,0.0,41.98047,34.116497,0.0,36.52118,40.69613,23.272497,44.119843,45.412987,29.91599,5.3287153,46.64896,0.0,43.61841,5.3567834,16.223793,0.0,7.3853045,39.530632,0.0,10.691209,35.428074,37.558315,0.0,42.38112,40.74547,8.700796,43.045135,0.0,0.0,40.699905,44.365772,0.0
Cs,6.870839,8.727946,0.0,20.60076,6.5940447,0.0,3.3606985,41.70967,54.738594,0.0,0.0,34.90243,39.360134,0.0,35.965435,0.0,35.91805,34.756847,0.0,37.956673,33.628002,0.0,33.036133,36.412968,23.091145,41.172554,43.74077,29.270065,10.789611,43.834103,0.0,44.71003,11.841685,16.46416,0.0,8.856397,37.694447,0.0,14.562323,30.597702,35.7782,0.0,43.04284,39.862514,11.05438,41.672962,0.0,0.0,39.327503,41.74199,0.0
F,4.476277,10.481025,0.0,19.789783,3.7497065,0.0,8.509973,39.528397,55.16722,0.0,0.0,33.721275,36.39037,0.0,34.06035,0.0,31.200457,34.47082,0.0,33.30015,28.765663,0.0,32.609055,37.45135,18.755436,40.88856,42.528366,30.045376,18.233458,40.287697,0.0,44.96486,13.796873,23.49958,0.0,8.860362,32.479652,0.0,18.02848,28.414553,34.981705,0.0,39.041885,36.644596,7.6706066,41.379944,0.0,0.0,34.537163,39.41786,0.0
Ba,6.187665,6.8957877,0.0,19.444695,8.1351185,0.0,0.0,44.825733,51.87908,0.0,0.0,35.898525,38.011005,0.0,35.942806,0.0,38.89247,36.025215,0.0,38.836403,38.442135,0.0,31.489372,39.23293,21.428776,45.871433,47.123486,30.67134,6.3949285,44.78704,0.0,48.754875,13.13987,10.3497715,0.0,9.232,38.6809,0.0,10.5526705,31.5102,35.850155,0.0,46.462234,38.70595,11.382988,36.521965,0.0,0.0,41.80747,44.65926,0.0
Te,7.542773,12.111499,0.0,20.439644,10.718862,0.0,13.421248,37.993885,52.415737,0.0,0.0,33.319206,38.00891,0.0,34.189854,0.0,31.099766,34.985016,0.0,35.736633,28.785095,0.0,29.818966,39.885563,17.1089,37.66858,39.502567,34.531834,10.461957,42.220043,0.0,40.540855,10.43786,18.76444,0.0,15.290507,35.232887,0.0,11.570525,32.415356,32.656307,0.0,41.14652,36.031227,14.866445,39.491905,0.0,0.0,31.90598,36.23199,0.0
Mo,8.960809,11.273694,0.0,22.463602,12.427941,0.0,13.475318,38.592842,50.344868,0.0,0.0,33.254677,34.797077,0.0,34.069256,0.0,33.73664,34.226826,0.0,36.78299,30.73357,0.0,32.191067,37.89587,19.228533,39.635975,39.262463,33.064255,10.064283,41.971863,0.0,40.245445,10.003561,18.97382,0.0,13.910508,35.222904,0.0,12.754772,30.512415,33.69713,0.0,38.233307,36.318546,14.270691,39.120647,0.0,0.0,35.041176,38.63119,0.0
Gd,16.371344,17.724848,0.0,30.598984,14.364861,0.0,7.716375,36.836395,48.375057,0.0,0.0,30.84413,30.317974,0.0,30.427084,0.0,30.545406,30.515186,0.0,32.20188,30.863909,0.0,28.072319,33.30229,17.734808,35.60758,34.991425,34.039593,11.384608,36.754482,0.0,36.97352,17.007267,10.87724,0.0,19.069649,33.585136,0.0,12.354423,29.367743,29.7493,0.0,35.07106,32.4648,21.560045,32.090935,0.0,0.0,34.508446,35.19209,0.0
Pr,15.368741,17.841375,0.0,29.349806,12.578686,0.0,7.5604486,35.74495,48.067486,0.0,0.0,30.608143,30.42396,0.0,30.964888,0.0,30.720203,31.281641,0.0,32.00328,30.709332,0.0,28.800535,33.37355,17.928305,36.84541,35.367615,34.094757,13.059651,36.88424,0.0,36.554806,16.261835,13.28151,0.0,16.981134,33.558483,0.0,12.403325,29.27935,30.287556,0.0,34.637802,32.677162,20.255686,31.809551,0.0,0.0,34.372044,34.80847,0.0
Bi,9.375327,12.263829,0.0,23.689657,11.10277,0.0,9.461947,39.089027,50.652824,0.0,0.0,33.927147,35.864063,0.0,33.989857,0.0,33.545166,33.614807,0.0,36.730865,32.372562,0.0,32.232365,37.82171,19.24369,40.215687,40.55136,32.405117,10.701432,40.266277,0.0,41.31735,12.214357,17.380552,0.0,14.099931,35.9786,0.0,12.431729,31.46814,34.159325,0.0,40.217857,35.701477,15.294581,37.927174,0.0,0.0,36.56303,39.605423,0.0
Sc,15.505963,16.184103,0.0,26.894665,18.158068,0.0,14.4455805,33.500046,44.994846,0.0,0.0,30.208183,27.493849,0.0,29.191614,0.0,28.585108,29.929377,0.0,30.056051,28.657122,0.0,27.942434,32.638245,16.13685,34.57943,32.09974,33.872715,8.285427,36.217834,0.0,34.186584,13.681099,11.263704,0.0,19.55745,31.552515,0.0,10.020478,27.455006,29.23997,0.0,31.776167,31.421484,21.963118,30.192974,0.0,0.0,30.217653,32.699177,0.0
Ag,5.4801073,8.60969,0.0,20.048244,10.168722,0.0,8.151654,40.59719,52.66444,0.0,0.0,35.3346,37.809456,0.0,35.921722,0.0,34.827446,36.224693,0.0,38.565613,31.634956,0.0,34.044807,38.29638,21.686218,41.81318,42.990982,30.703701,10.561543,42.806873,0.0,42.43159,9.069408,19.678627,0.0,9.675727,35.921005,0.0,14.596745,32.119205,36.29829,0.0,41.480247,37.843693,10.106326,40.718018,0.0,0.0,36.948326,41.270866,0.0
Rb,8.287767,10.977466,0.0,22.736753,7.9551105,0.0,4.8881545,40.19014,53.086613,0.0,0.0,34.471275,36.994263,0.0,34.57405,0.0,34.43666,34.62472,0.0,36.783104,31.474247,0.0,32.578552,37.05761,21.212698,41.59869,42.360588,30.934248,12.096171,41.920044,0.0,43.246853,11.307533,17.683987,0.0,11.156663,35.675808,0.0,14.107097,30.946644,35.538616,0.0,41.725258,37.458065,11.367709,39.274193,0.0,0.0,37.71779,39.894978,0.0
Dy,18.452759,19.805113,0.0,31.420078,16.062525,0.0,7.469503,32.62333,45.38218,0.0,0.0,27.233643,25.994596,0.0,27.616463,0.0,27.976753,27.60856,0.0,27.337725,28.96553,0.0,25.827002,30.071857,17.12015,33.070107,31.209705,30.879517,12.524183,32.87589,0.0,33.149727,18.52934,7.2693305,0.0,19.595522,29.571657,0.0,13.716569,26.78404,26.372978,0.0,31.378344,30.61865,23.08139,29.534487,0.0,0.0,30.583603,30.549133,0.0
Yb,19.709291,20.58092,0.0,31.943747,17.426949,0.0,8.803354,31.186834,45.337658,0.0,0.0,27.032661,25.313475,0.0,27.499506,0.0,26.592842,26.831835,0.0,26.919521,26.876766,0.0,25.69388,28.946478,16.13786,31.85452,30.084932,32.981644,12.49387,34.258274,0.0,31.780405,18.18573,6.9799194,0.0,20.928381,28.948927,0.0,12.845399,25.366253,26.60149,0.0,30.98249,29.5091,23.515074,28.581755,0.0,0.0,30.495697,29.718292,0.0
Nd,13.427062,14.456609,0.0,28.133825,11.627341,0.0,6.4953504,38.146275,48.700382,0.0,0.0,33.028603,33.240753,0.0,32.684917,0.0,33.92455,31.993116,0.0,34.655415,31.436565,0.0,30.607702,35.088097,20.03487,39.19453,38.93576,32.769123,9.88884,40.573364,0.0,39.393513,14.165459,11.038,0.0,15.502673,35.648727,0.0,11.678139,30.237263,32.79931,0.0,38.134087,35.014275,16.950417,35.225285,0.0,0.0,36.776962,37.499462,0.0
Au,7.7530904,11.9974165,0.0,21.612959,13.106546,0.0,12.352901,35.668983,48.103764,0.0,0.0,32.377964,33.71626,0.0,31.580276,0.0,29.841162,32.06895,0.0,32.433212,29.393213,0.0,31.148685,35.886017,18.616526,38.115055,37.089233,31.20138,15.406072,36.705334,0.0,38.842163,11.119727,23.664139,0.0,12.845884,32.59796,0.0,15.614105,27.615704,33.25243,0.0,35.965397,33.959743,12.774845,35.870216,0.0,0.0,33.482754,37.356995,0.0
Os,15.83292,18.126228,0.0,24.560286,20.434381,0.0,23.055708,27.25399,37.759914,0.0,0.0,25.599812,21.53995,0.0,23.897474,0.0,21.058838,24.050278,0.0,23.76229,23.645145,0.0,22.791765,29.071884,10.934565,27.799263,24.560028,31.733015,11.3621235,27.691868,0.0,27.038063,14.299245,16.358212,0.0,23.36247,25.653772,0.0,9.835426,21.083004,23.330833,0.0,25.271912,26.094694,24.358347,24.24298,0.0,0.0,24.357265,24.885088,0.0
Pa,4.0446124,4.651223,0.0,3.9444094,3.1989896,0.0,2.6612406,1.2834557,3.3787587,0.0,0.19961892,2.2236202,0.93756074,0.0,1.8809606,0.0,1.1715375,1.2000066,0.0,0.6476059,1.7614244,0.6666927,1.475657,1.3834405,1.1371592,2.1409187,1.3585749,3.5144145,3.8973124,0.8975906,0.0,1.440359,2.9829464,2.4030988,0.0,3.4855669,1.6828768,0.56304926,1.5936779,0.9826419,1.5050542,0.0,1.6257547,1.7324685,3.7685273,0.67765206,0.763715,0.48197228,1.8418356,1.1557927,0.32599118
Sm,17.287062,19.898178,0.0,30.85382,12.801307,0.0,7.8652616,33.444263,46.391457,0.0,0.0,28.25132,28.990858,0.0,28.179173,0.0,26.66723,28.964607,0.0,27.574581,29.044245,0.0,26.368874,30.037802,17.132168,32.83673,33.352016,31.682352,14.977307,33.077038,0.0,35.768406,17.843248,13.943129,0.0,18.410149,30.957563,0.0,12.80313,26.83815,28.31285,0.0,32.718388,29.922503,21.980509,29.311506,0.0,0.0,31.861578,31.469973,0.0
Be,7.585268,13.843989,0.0,17.45416,9.620527,0.0,19.251822,23.629446,29.908487,0.0,0.0,22.259323,20.779024,0.0,19.324047,0.0,14.959602,19.739777,0.0,16.053993,16.288443,0.0,18.747755,23.48148,9.354862,22.982075,23.503113,23.329199,18.115252,19.47254,0.0,24.768543,9.425125,30.624922,0.0,14.231725,20.324453,0.0,13.758418,16.366508,21.074852,0.0,21.078495,19.58481,14.77273,21.968039,0.0,0.0,19.40698,21.66484,0.0
Ac,1.0101657,1.2032084,0.1581836,0.80267984,0.84534115,0.0,0.8474494,0.5455703,1.0431479,0.07924266,0.0,0.25495574,0.15682001,0.014719063,0.46412626,0.0,0.11303018,0.18161497,0.0,0.08459458,0.3589642,0.23455773,0.33496115,0.51590806,0.3823855,0.45753202,0.32062268,1.1065471,1.1899863,0.15795246,0.0,0.36206242,0.47520107,1.0778105,0.032395177,0.9923645,0.31953508,0.21565017,0.6114468,0.33007604,0.29998115,0.0,0.14894246,0.10508369,1.2846626,0.19524267,0.20187338,0.031852584,0.2847861,0.29435673,0.0
Xe,16.147198,18.609505,0.0,19.997211,10.233788,0.0,10.345943,12.290893,21.006254,0.0,0.0,10.845427,9.044194,0.0,10.323048,0.0,8.462222,11.452646,0.0,7.5192447,9.879373,0.0,10.907961,11.09938,5.6761236,12.732716,9.911716,19.677244,14.180648,10.832511,0.0,12.906524,12.797798,11.205997,0.27513245,15.063666,10.7885685,0.0,7.898749,8.762828,10.479116,0.0,11.359241,11.995922,16.820036,10.85785,0.3113765,0.0,10.44066,9.844102,0.0
Kr,4.4619703,5.945759,0.0,5.2220516,3.89813,0.0,5.1474686,2.789336,4.7332397,0.0,0.0,2.6972346,1.8184345,0.0,2.6616292,0.0,1.8488439,1.9045578,0.0,1.0548484,1.9776081,0.0,2.4217575,3.5463839,1.7428397,2.464299,1.3964744,5.9215584,5.036548,1.3860158,0.0,2.7590086,3.9062657,3.645798,0.0,4.184251,1.8671771,0.0,3.5272944,1.9776007,2.4965012,0.0,1.9412816,2.8895369,4.96891,2.8533337,0.41252795,0.35751173,2.4437199,1.2746563,0.0495258
